Position,Track Name,Artist,Streams,URL,trackID,danceability,energy,key,loudness,mode,speechiness,acousticness,instrumentalness,liveness,valence,tempo,type,id,uri,track_href,analysis_url,duration_ms,time_signature
1,ROCKSTAR (feat. Roddy Ricch),DaBaby,5390913,https://open.spotify.com/track/7ytR5pFWmSjzHJIeQkgog4,7ytR5pFWmSjzHJIeQkgog4,0.746,0.69,11,-7.956,1,0.164,0.247,0,0.101,0.497,89.977,audio_features,7ytR5pFWmSjzHJIeQkgog4,spotify:track:7ytR5pFWmSjzHJIeQkgog4,https://api.spotify.com/v1/tracks/7ytR5pFWmSjzHJIeQkgog4,https://api.spotify.com/v1/audio-analysis/7ytR5pFWmSjzHJIeQkgog4,181733,4
2,Savage Love (Laxed - Siren Beat),Jawsh 685,5012951,https://open.spotify.com/track/1xQ6trAsedVPCdbtDAmk0c,1xQ6trAsedVPCdbtDAmk0c,0.767,0.481,0,-8.52,0,0.0803,0.234,0,0.269,0.761,150.076,audio_features,1xQ6trAsedVPCdbtDAmk0c,spotify:track:1xQ6trAsedVPCdbtDAmk0c,https://api.spotify.com/v1/tracks/1xQ6trAsedVPCdbtDAmk0c,https://api.spotify.com/v1/audio-analysis/1xQ6trAsedVPCdbtDAmk0c,171375,4
3,Blinding Lights,The Weeknd,4544885,https://open.spotify.com/track/0VjIjW4GlUZAMYd2vXMi3b,0VjIjW4GlUZAMYd2vXMi3b,0.514,0.73,1,-5.934,1,0.0598,0.00146,9.54e-05,0.0897,0.334,171.005,audio_features,0VjIjW4GlUZAMYd2vXMi3b,spotify:track:0VjIjW4GlUZAMYd2vXMi3b,https://api.spotify.com/v1/tracks/0VjIjW4GlUZAMYd2vXMi3b,https://api.spotify.com/v1/audio-analysis/0VjIjW4GlUZAMYd2vXMi3b,200040,4
4,Roses - Imanbek Remix,SAINt JHN,3847982,https://open.spotify.com/track/24Yi9hE78yPEbZ4kxyoXAI,24Yi9hE78yPEbZ4kxyoXAI,0.77,0.724,8,-5.484,1,0.0495,0.0167,0.0107,0.353,0.898,121.975,audio_features,24Yi9hE78yPEbZ4kxyoXAI,spotify:track:24Yi9hE78yPEbZ4kxyoXAI,https://api.spotify.com/v1/tracks/24Yi9hE78yPEbZ4kxyoXAI,https://api.spotify.com/v1/audio-analysis/24Yi9hE78yPEbZ4kxyoXAI,176840,4
5,Watermelon Sugar,Harry Styles,3796894,https://open.spotify.com/track/6UelLqGlWMcVH1E5c4H7lY,6UelLqGlWMcVH1E5c4H7lY,0.548,0.816,0,-4.209,1,0.0465,0.122,0,0.335,0.557,95.39,audio_features,6UelLqGlWMcVH1E5c4H7lY,spotify:track:6UelLqGlWMcVH1E5c4H7lY,https://api.spotify.com/v1/tracks/6UelLqGlWMcVH1E5c4H7lY,https://api.spotify.com/v1/audio-analysis/6UelLqGlWMcVH1E5c4H7lY,174000,4
6,death bed (coffee for your head),Powfu,2990071,https://open.spotify.com/track/7eJMfftS33KTjuF7lTsMCx,7eJMfftS33KTjuF7lTsMCx,0.726,0.431,8,-8.765,0,0.135,0.731,0,0.696,0.348,144.026,audio_features,7eJMfftS33KTjuF7lTsMCx,spotify:track:7eJMfftS33KTjuF7lTsMCx,https://api.spotify.com/v1/tracks/7eJMfftS33KTjuF7lTsMCx,https://api.spotify.com/v1/audio-analysis/7eJMfftS33KTjuF7lTsMCx,173333,4
7,Rain On Me (with Ariana Grande),Lady Gaga,2929605,https://open.spotify.com/track/7ju97lgwC2rKQ6wwsf9no9,7ju97lgwC2rKQ6wwsf9no9,0.672,0.855,9,-3.764,1,0.0397,0.021,0,0.323,0.646,123.056,audio_features,7ju97lgwC2rKQ6wwsf9no9,spotify:track:7ju97lgwC2rKQ6wwsf9no9,https://api.spotify.com/v1/tracks/7ju97lgwC2rKQ6wwsf9no9,https://api.spotify.com/v1/audio-analysis/7ju97lgwC2rKQ6wwsf9no9,182200,4
8,How You Like That,BLACKPINK,2879518,https://open.spotify.com/track/3vAn0qZzdyuHamcrpkfiX3,3vAn0qZzdyuHamcrpkfiX3,0.828,0.782,11,-4.014,1,0.0918,0.0694,3.41e-05,0.0544,0.351,130.013,audio_features,3vAn0qZzdyuHamcrpkfiX3,spotify:track:3vAn0qZzdyuHamcrpkfiX3,https://api.spotify.com/v1/tracks/3vAn0qZzdyuHamcrpkfiX3,https://api.spotify.com/v1/audio-analysis/3vAn0qZzdyuHamcrpkfiX3,181264,4
9,Breaking Me,Topic,2823750,https://open.spotify.com/track/3H7ihDc1dqLriiWXwsc2po,3H7ihDc1dqLriiWXwsc2po,0.789,0.72,8,-5.652,0,0.218,0.223,0,0.129,0.664,122.031,audio_features,3H7ihDc1dqLriiWXwsc2po,spotify:track:3H7ihDc1dqLriiWXwsc2po,https://api.spotify.com/v1/tracks/3H7ihDc1dqLriiWXwsc2po,https://api.spotify.com/v1/audio-analysis/3H7ihDc1dqLriiWXwsc2po,166794,4
10,Dance Monkey,Tones And I,2683301,https://open.spotify.com/track/1rgnBhdG2JDFTbYkYRZAku,1rgnBhdG2JDFTbYkYRZAku,0.825,0.593,6,-6.401,0,0.0988,0.688,0.000161,0.17,0.54,98.078,audio_features,1rgnBhdG2JDFTbYkYRZAku,spotify:track:1rgnBhdG2JDFTbYkYRZAku,https://api.spotify.com/v1/tracks/1rgnBhdG2JDFTbYkYRZAku,https://api.spotify.com/v1/audio-analysis/1rgnBhdG2JDFTbYkYRZAku,209755,4
11,Toosie Slide,Drake,2664058,https://open.spotify.com/track/466cKvZn1j45IpxDdYZqdA,466cKvZn1j45IpxDdYZqdA,0.83,0.49,1,-8.82,0,0.209,0.289,3.04e-06,0.113,0.845,81.604,audio_features,466cKvZn1j45IpxDdYZqdA,spotify:track:466cKvZn1j45IpxDdYZqdA,https://api.spotify.com/v1/tracks/466cKvZn1j45IpxDdYZqdA,https://api.spotify.com/v1/audio-analysis/466cKvZn1j45IpxDdYZqdA,247059,4
12,ily (i love you baby) (feat. Emilee),Surf Mesa,2609304,https://open.spotify.com/track/62aP9fBQKYKxi7PDXwcUAS,62aP9fBQKYKxi7PDXwcUAS,0.674,0.774,11,-7.567,0,0.0892,0.0686,0.00188,0.393,0.33,112.05,audio_features,62aP9fBQKYKxi7PDXwcUAS,spotify:track:62aP9fBQKYKxi7PDXwcUAS,https://api.spotify.com/v1/tracks/62aP9fBQKYKxi7PDXwcUAS,https://api.spotify.com/v1/audio-analysis/62aP9fBQKYKxi7PDXwcUAS,176547,4
13,Don't Start Now,Dua Lipa,2540333,https://open.spotify.com/track/3PfIrDoz19wz7qK7tYeu62,3PfIrDoz19wz7qK7tYeu62,0.793,0.793,11,-4.521,0,0.083,0.0123,0,0.0951,0.679,123.95,audio_features,3PfIrDoz19wz7qK7tYeu62,spotify:track:3PfIrDoz19wz7qK7tYeu62,https://api.spotify.com/v1/tracks/3PfIrDoz19wz7qK7tYeu62,https://api.spotify.com/v1/audio-analysis/3PfIrDoz19wz7qK7tYeu62,183290,4
14,Party Girl,StaySolidRocky,2512974,https://open.spotify.com/track/5RqR4ZCCKJDcBLIn4sih9l,5RqR4ZCCKJDcBLIn4sih9l,0.728,0.431,6,-9.966,0,0.0622,0.749,0,0.0996,0.629,130.022,audio_features,5RqR4ZCCKJDcBLIn4sih9l,spotify:track:5RqR4ZCCKJDcBLIn4sih9l,https://api.spotify.com/v1/tracks/5RqR4ZCCKJDcBLIn4sih9l,https://api.spotify.com/v1/audio-analysis/5RqR4ZCCKJDcBLIn4sih9l,147800,4
15,Break My Heart,Dua Lipa,2465998,https://open.spotify.com/track/017PF4Q3l4DBUiWoXk4OWT,017PF4Q3l4DBUiWoXk4OWT,0.73,0.729,4,-3.434,0,0.0883,0.167,1.39e-06,0.349,0.467,113.013,audio_features,017PF4Q3l4DBUiWoXk4OWT,spotify:track:017PF4Q3l4DBUiWoXk4OWT,https://api.spotify.com/v1/tracks/017PF4Q3l4DBUiWoXk4OWT,https://api.spotify.com/v1/audio-analysis/017PF4Q3l4DBUiWoXk4OWT,221820,4
16,Blueberry Faygo,Lil Mosey,2371497,https://open.spotify.com/track/22LAwLoDA5b4AaGSkg6bKW,22LAwLoDA5b4AaGSkg6bKW,0.774,0.554,0,-7.909,1,0.0383,0.207,0,0.132,0.349,99.034,audio_features,22LAwLoDA5b4AaGSkg6bKW,spotify:track:22LAwLoDA5b4AaGSkg6bKW,https://api.spotify.com/v1/tracks/22LAwLoDA5b4AaGSkg6bKW,https://api.spotify.com/v1/audio-analysis/22LAwLoDA5b4AaGSkg6bKW,162547,4
17,La Jeepeta - Remix,Nio Garcia,2346361,https://open.spotify.com/track/1mohfLaTJtB2RplHLQVM70,1mohfLaTJtB2RplHLQVM70,0.815,0.715,4,-4.65,0,0.207,0.3,4.83e-06,0.091,0.786,176.007,audio_features,1mohfLaTJtB2RplHLQVM70,spotify:track:1mohfLaTJtB2RplHLQVM70,https://api.spotify.com/v1/tracks/1mohfLaTJtB2RplHLQVM70,https://api.spotify.com/v1/audio-analysis/1mohfLaTJtB2RplHLQVM70,345241,4
18,MAMACITA,Black Eyed Peas,2232844,https://open.spotify.com/track/24IgCW19L8lXKyFZwzFtD3,24IgCW19L8lXKyFZwzFtD3,0.88,0.626,2,-7.062,1,0.0473,0.19,0.000755,0.094,0.441,105.01,audio_features,24IgCW19L8lXKyFZwzFtD3,spotify:track:24IgCW19L8lXKyFZwzFtD3,https://api.spotify.com/v1/tracks/24IgCW19L8lXKyFZwzFtD3,https://api.spotify.com/v1/audio-analysis/24IgCW19L8lXKyFZwzFtD3,251429,4
19,Stuck with U (with Justin Bieber),Ariana Grande,2188580,https://open.spotify.com/track/4HBZA5flZLE435QTztThqH,4HBZA5flZLE435QTztThqH,0.597,0.45,8,-6.658,1,0.0418,0.223,0,0.382,0.537,178.765,audio_features,4HBZA5flZLE435QTztThqH,spotify:track:4HBZA5flZLE435QTztThqH,https://api.spotify.com/v1/tracks/4HBZA5flZLE435QTztThqH,https://api.spotify.com/v1/audio-analysis/4HBZA5flZLE435QTztThqH,228482,3
20,Supalonely,BENEE,2085947,https://open.spotify.com/track/4nK5YrxbMGZstTLbvj6Gxw,4nK5YrxbMGZstTLbvj6Gxw,0.863,0.631,7,-4.689,1,0.0534,0.305,3.04e-05,0.123,0.817,128.977,audio_features,4nK5YrxbMGZstTLbvj6Gxw,spotify:track:4nK5YrxbMGZstTLbvj6Gxw,https://api.spotify.com/v1/tracks/4nK5YrxbMGZstTLbvj6Gxw,https://api.spotify.com/v1/audio-analysis/4nK5YrxbMGZstTLbvj6Gxw,223480,4
21,TKN (feat. Travis Scott),ROSALÍA,2082077,https://open.spotify.com/track/4w47S36wQGBhGg073q3nt7,4w47S36wQGBhGg073q3nt7,0.776,0.509,0,-6.266,0,0.467,0.192,1.49e-06,0.115,0.485,94.634,audio_features,4w47S36wQGBhGg073q3nt7,spotify:track:4w47S36wQGBhGg073q3nt7,https://api.spotify.com/v1/tracks/4w47S36wQGBhGg073q3nt7,https://api.spotify.com/v1/audio-analysis/4w47S36wQGBhGg073q3nt7,129371,4
22,Someone You Loved,Lewis Capaldi,2051420,https://open.spotify.com/track/7qEHsqek33rTcFNT9PFqLf,7qEHsqek33rTcFNT9PFqLf,0.501,0.405,1,-5.679,1,0.0319,0.751,0,0.105,0.446,109.891,audio_features,7qEHsqek33rTcFNT9PFqLf,spotify:track:7qEHsqek33rTcFNT9PFqLf,https://api.spotify.com/v1/tracks/7qEHsqek33rTcFNT9PFqLf,https://api.spotify.com/v1/audio-analysis/7qEHsqek33rTcFNT9PFqLf,182161,4
23,For The Night (feat. Lil Baby & DaBaby),Pop Smoke,2049853,https://open.spotify.com/track/0PvFJmanyNQMseIFrU708S,0PvFJmanyNQMseIFrU708S,0.823,0.586,6,-6.606,0,0.2,0.114,0,0.193,0.347,125.971,audio_features,0PvFJmanyNQMseIFrU708S,spotify:track:0PvFJmanyNQMseIFrU708S,https://api.spotify.com/v1/tracks/0PvFJmanyNQMseIFrU708S,https://api.spotify.com/v1/audio-analysis/0PvFJmanyNQMseIFrU708S,190476,4
24,"WHATS POPPIN (feat. DaBaby, Tory Lanez & Lil Wayne) - Remix",Jack Harlow,2010974,https://open.spotify.com/track/2MbdDtCv5LUVjYy9RuGTgC,2MbdDtCv5LUVjYy9RuGTgC,0.904,0.723,11,-5.224,0,0.26,0.0631,0,0.185,0.835,145.013,audio_features,2MbdDtCv5LUVjYy9RuGTgC,spotify:track:2MbdDtCv5LUVjYy9RuGTgC,https://api.spotify.com/v1/tracks/2MbdDtCv5LUVjYy9RuGTgC,https://api.spotify.com/v1/audio-analysis/2MbdDtCv5LUVjYy9RuGTgC,227478,4
25,The Box,Roddy Ricch,2001136,https://open.spotify.com/track/0nbXyq5TXYPCO7pr3N8S4I,0nbXyq5TXYPCO7pr3N8S4I,0.896,0.586,10,-6.687,0,0.0559,0.104,0,0.79,0.642,116.971,audio_features,0nbXyq5TXYPCO7pr3N8S4I,spotify:track:0nbXyq5TXYPCO7pr3N8S4I,https://api.spotify.com/v1/tracks/0nbXyq5TXYPCO7pr3N8S4I,https://api.spotify.com/v1/audio-analysis/0nbXyq5TXYPCO7pr3N8S4I,196653,4
26,The Woo (feat. 50 Cent & Roddy Ricch),Pop Smoke,1977132,https://open.spotify.com/track/1H7KnK26kc1YyellpbINEn,1H7KnK26kc1YyellpbINEn,0.49,0.618,1,-5.655,1,0.104,0.0221,3.77e-06,0.259,0.286,99.7,audio_features,1H7KnK26kc1YyellpbINEn,spotify:track:1H7KnK26kc1YyellpbINEn,https://api.spotify.com/v1/tracks/1H7KnK26kc1YyellpbINEn,https://api.spotify.com/v1/audio-analysis/1H7KnK26kc1YyellpbINEn,201600,4
27,Relación,Sech,1945252,https://open.spotify.com/track/3ZG8N7aWw2meb6UrI5ZmnZ,3ZG8N7aWw2meb6UrI5ZmnZ,0.805,0.562,7,-3.117,0,0.105,0.125,4.96e-06,0.148,0.767,172.094,audio_features,3ZG8N7aWw2meb6UrI5ZmnZ,spotify:track:3ZG8N7aWw2meb6UrI5ZmnZ,https://api.spotify.com/v1/tracks/3ZG8N7aWw2meb6UrI5ZmnZ,https://api.spotify.com/v1/audio-analysis/3ZG8N7aWw2meb6UrI5ZmnZ,184255,4
28,THE SCOTTS,THE SCOTTS,1882111,https://open.spotify.com/track/39Yp9wwQiSRIDOvrVg7mbk,39Yp9wwQiSRIDOvrVg7mbk,0.716,0.537,0,-7.648,0,0.0514,0.233,0,0.157,0.28,129.979,audio_features,39Yp9wwQiSRIDOvrVg7mbk,spotify:track:39Yp9wwQiSRIDOvrVg7mbk,https://api.spotify.com/v1/tracks/39Yp9wwQiSRIDOvrVg7mbk,https://api.spotify.com/v1/audio-analysis/39Yp9wwQiSRIDOvrVg7mbk,165978,4
29,Intentions (feat. Quavo),Justin Bieber,1873967,https://open.spotify.com/track/4umIPjkehX1r7uhmGvXiSV,4umIPjkehX1r7uhmGvXiSV,0.806,0.546,9,-6.637,1,0.0575,0.3,0,0.102,0.874,147.986,audio_features,4umIPjkehX1r7uhmGvXiSV,spotify:track:4umIPjkehX1r7uhmGvXiSV,https://api.spotify.com/v1/tracks/4umIPjkehX1r7uhmGvXiSV,https://api.spotify.com/v1/audio-analysis/4umIPjkehX1r7uhmGvXiSV,212867,4
30,Before You Go,Lewis Capaldi,1839483,https://open.spotify.com/track/2gMXnyrvIjhVBUZwvLZDMP,2gMXnyrvIjhVBUZwvLZDMP,0.459,0.575,3,-4.858,1,0.0573,0.604,0,0.0885,0.183,111.881,audio_features,2gMXnyrvIjhVBUZwvLZDMP,spotify:track:2gMXnyrvIjhVBUZwvLZDMP,https://api.spotify.com/v1/tracks/2gMXnyrvIjhVBUZwvLZDMP,https://api.spotify.com/v1/audio-analysis/2gMXnyrvIjhVBUZwvLZDMP,215107,4
31,Caramelo,Ozuna,1719192,https://open.spotify.com/track/3gD4J3RUHy4OUuZ3qAiaiG,3gD4J3RUHy4OUuZ3qAiaiG,0.728,0.806,6,-3.766,1,0.0623,0.0531,0.000301,0.153,0.698,168.084,audio_features,3gD4J3RUHy4OUuZ3qAiaiG,spotify:track:3gD4J3RUHy4OUuZ3qAiaiG,https://api.spotify.com/v1/tracks/3gD4J3RUHy4OUuZ3qAiaiG,https://api.spotify.com/v1/audio-analysis/3gD4J3RUHy4OUuZ3qAiaiG,217547,4
32,Life's A Mess (feat. Halsey),Juice WRLD,1699662,https://open.spotify.com/track/1yHdZ9S6rBlNPH3LDNMy2P,1yHdZ9S6rBlNPH3LDNMy2P,0.636,0.448,1,-8.969,1,0.0359,0.335,0,0.17,0.186,143.124,audio_features,1yHdZ9S6rBlNPH3LDNMy2P,spotify:track:1yHdZ9S6rBlNPH3LDNMy2P,https://api.spotify.com/v1/tracks/1yHdZ9S6rBlNPH3LDNMy2P,https://api.spotify.com/v1/audio-analysis/1yHdZ9S6rBlNPH3LDNMy2P,202206,4
33,Sunday Best,Surfaces,1676889,https://open.spotify.com/track/1Cv1YLb4q0RzL6pybtaMLo,1Cv1YLb4q0RzL6pybtaMLo,0.878,0.525,5,-6.832,1,0.0578,0.183,0,0.0714,0.694,112.022,audio_features,1Cv1YLb4q0RzL6pybtaMLo,spotify:track:1Cv1YLb4q0RzL6pybtaMLo,https://api.spotify.com/v1/tracks/1Cv1YLb4q0RzL6pybtaMLo,https://api.spotify.com/v1/audio-analysis/1Cv1YLb4q0RzL6pybtaMLo,158571,4
34,Say So,Doja Cat,1668378,https://open.spotify.com/track/3Dv1eDb0MEgF93GpLXlucZ,3Dv1eDb0MEgF93GpLXlucZ,0.787,0.673,11,-4.577,0,0.158,0.256,3.57e-06,0.0904,0.786,110.962,audio_features,3Dv1eDb0MEgF93GpLXlucZ,spotify:track:3Dv1eDb0MEgF93GpLXlucZ,https://api.spotify.com/v1/tracks/3Dv1eDb0MEgF93GpLXlucZ,https://api.spotify.com/v1/audio-analysis/3Dv1eDb0MEgF93GpLXlucZ,237893,4
35,In Your Eyes,The Weeknd,1631977,https://open.spotify.com/track/7szuecWAPwGoV1e5vGu8tl,7szuecWAPwGoV1e5vGu8tl,0.667,0.719,7,-5.371,0,0.0346,0.00285,8.1e-05,0.0736,0.717,100.021,audio_features,7szuecWAPwGoV1e5vGu8tl,spotify:track:7szuecWAPwGoV1e5vGu8tl,https://api.spotify.com/v1/tracks/7szuecWAPwGoV1e5vGu8tl,https://api.spotify.com/v1/audio-analysis/7szuecWAPwGoV1e5vGu8tl,237520,4
36,Circles,Post Malone,1612070,https://open.spotify.com/track/21jGcNKet2qwijlDFuPiPb,21jGcNKet2qwijlDFuPiPb,0.695,0.762,0,-3.497,1,0.0395,0.192,0.00244,0.0863,0.553,120.042,audio_features,21jGcNKet2qwijlDFuPiPb,spotify:track:21jGcNKet2qwijlDFuPiPb,https://api.spotify.com/v1/tracks/21jGcNKet2qwijlDFuPiPb,https://api.spotify.com/v1/audio-analysis/21jGcNKet2qwijlDFuPiPb,215280,4
37,Tusa,KAROL G,1567375,https://open.spotify.com/track/7k4t7uLgtOxPwTpFmtJNTY,7k4t7uLgtOxPwTpFmtJNTY,0.803,0.715,2,-3.28,1,0.298,0.295,0.000134,0.0574,0.574,101.085,audio_features,7k4t7uLgtOxPwTpFmtJNTY,spotify:track:7k4t7uLgtOxPwTpFmtJNTY,https://api.spotify.com/v1/tracks/7k4t7uLgtOxPwTpFmtJNTY,https://api.spotify.com/v1/audio-analysis/7k4t7uLgtOxPwTpFmtJNTY,200960,4
38,Kings & Queens,Ava Max,1546620,https://open.spotify.com/track/76nqCfJOcFFWBJN32PAksn,76nqCfJOcFFWBJN32PAksn,0.638,0.688,1,-4.056,0,0.0407,0.00775,0,0.126,0.434,129.856,audio_features,76nqCfJOcFFWBJN32PAksn,spotify:track:76nqCfJOcFFWBJN32PAksn,https://api.spotify.com/v1/tracks/76nqCfJOcFFWBJN32PAksn,https://api.spotify.com/v1/audio-analysis/76nqCfJOcFFWBJN32PAksn,162399,4
39,Savage Remix (feat. Beyoncé),Megan Thee Stallion,1543803,https://open.spotify.com/track/5v4GgrXPMghOnBBLmveLac,5v4GgrXPMghOnBBLmveLac,0.822,0.743,10,-4.772,0,0.28,0.016,0,0.127,0.636,84.459,audio_features,5v4GgrXPMghOnBBLmveLac,spotify:track:5v4GgrXPMghOnBBLmveLac,https://api.spotify.com/v1/tracks/5v4GgrXPMghOnBBLmveLac,https://api.spotify.com/v1/audio-analysis/5v4GgrXPMghOnBBLmveLac,242001,4
40,GOOBA,6ix9ine,1541586,https://open.spotify.com/track/4NhDYoQTYCdWHTvlbGVgwo,4NhDYoQTYCdWHTvlbGVgwo,0.611,0.688,1,-5.688,1,0.341,0.0264,0,0.251,0.393,178.462,audio_features,4NhDYoQTYCdWHTvlbGVgwo,spotify:track:4NhDYoQTYCdWHTvlbGVgwo,https://api.spotify.com/v1/tracks/4NhDYoQTYCdWHTvlbGVgwo,https://api.spotify.com/v1/audio-analysis/4NhDYoQTYCdWHTvlbGVgwo,132303,4
41,Be Kind (with Halsey),Marshmello,1539993,https://open.spotify.com/track/3Z8FwOEN59mRMxDCtb8N0A,3Z8FwOEN59mRMxDCtb8N0A,0.63,0.633,4,-7.088,1,0.0457,0.00776,0,0.0541,0.452,93.995,audio_features,3Z8FwOEN59mRMxDCtb8N0A,spotify:track:3Z8FwOEN59mRMxDCtb8N0A,https://api.spotify.com/v1/tracks/3Z8FwOEN59mRMxDCtb8N0A,https://api.spotify.com/v1/audio-analysis/3Z8FwOEN59mRMxDCtb8N0A,172762,4
42,Play Date,Melanie Martinez,1500517,https://open.spotify.com/track/4DpNNXFMMxQEKl7r0ykkWA,4DpNNXFMMxQEKl7r0ykkWA,0.68,0.729,5,-5.077,1,0.0475,0.612,0,0.224,0.446,123.97,audio_features,4DpNNXFMMxQEKl7r0ykkWA,spotify:track:4DpNNXFMMxQEKl7r0ykkWA,https://api.spotify.com/v1/tracks/4DpNNXFMMxQEKl7r0ykkWA,https://api.spotify.com/v1/audio-analysis/4DpNNXFMMxQEKl7r0ykkWA,179867,4
43,Adore You,Harry Styles,1500288,https://open.spotify.com/track/3jjujdWJ72nww5eGnfs2E7,3jjujdWJ72nww5eGnfs2E7,0.676,0.771,8,-3.675,1,0.0483,0.0237,7e-06,0.102,0.569,99.048,audio_features,3jjujdWJ72nww5eGnfs2E7,spotify:track:3jjujdWJ72nww5eGnfs2E7,https://api.spotify.com/v1/tracks/3jjujdWJ72nww5eGnfs2E7,https://api.spotify.com/v1/audio-analysis/3jjujdWJ72nww5eGnfs2E7,207133,4
44,goosebumps,Travis Scott,1498300,https://open.spotify.com/track/6gBFPUFcJLzWGx4lenP6h2,6gBFPUFcJLzWGx4lenP6h2,0.841,0.728,7,-3.37,1,0.0484,0.0847,0,0.149,0.43,130.049,audio_features,6gBFPUFcJLzWGx4lenP6h2,spotify:track:6gBFPUFcJLzWGx4lenP6h2,https://api.spotify.com/v1/tracks/6gBFPUFcJLzWGx4lenP6h2,https://api.spotify.com/v1/audio-analysis/6gBFPUFcJLzWGx4lenP6h2,243837,4
45,Falling,Trevor Daniel,1495656,https://open.spotify.com/track/2rRJrJEo19S2J82BDsQ3F7,2rRJrJEo19S2J82BDsQ3F7,0.784,0.43,10,-8.756,0,0.0364,0.123,0,0.0887,0.236,127.087,audio_features,2rRJrJEo19S2J82BDsQ3F7,spotify:track:2rRJrJEo19S2J82BDsQ3F7,https://api.spotify.com/v1/tracks/2rRJrJEo19S2J82BDsQ3F7,https://api.spotify.com/v1/audio-analysis/2rRJrJEo19S2J82BDsQ3F7,159382,4
46,Señorita,Shawn Mendes,1491162,https://open.spotify.com/track/6v3KW9xbzN5yKLt9YKDYA2,6v3KW9xbzN5yKLt9YKDYA2,0.759,0.548,9,-6.049,0,0.029,0.0392,0,0.0828,0.749,116.967,audio_features,6v3KW9xbzN5yKLt9YKDYA2,spotify:track:6v3KW9xbzN5yKLt9YKDYA2,https://api.spotify.com/v1/tracks/6v3KW9xbzN5yKLt9YKDYA2,https://api.spotify.com/v1/audio-analysis/6v3KW9xbzN5yKLt9YKDYA2,190800,4
47,Hasta Que Dios Diga,Anuel AA,1463940,https://open.spotify.com/track/06s3QtMJVXw1AJX3UfvZG1,06s3QtMJVXw1AJX3UfvZG1,0.691,0.765,8,-4.727,1,0.111,0.464,3.29e-06,0.203,0.855,174.021,audio_features,06s3QtMJVXw1AJX3UfvZG1,spotify:track:06s3QtMJVXw1AJX3UfvZG1,https://api.spotify.com/v1/tracks/06s3QtMJVXw1AJX3UfvZG1,https://api.spotify.com/v1/audio-analysis/06s3QtMJVXw1AJX3UfvZG1,246000,4
48,Memories,Maroon 5,1437223,https://open.spotify.com/track/2b8fOow8UzyDFAE27YhOZM,2b8fOow8UzyDFAE27YhOZM,0.764,0.32,11,-7.209,1,0.0546,0.837,0,0.0822,0.575,91.019,audio_features,2b8fOow8UzyDFAE27YhOZM,spotify:track:2b8fOow8UzyDFAE27YhOZM,https://api.spotify.com/v1/tracks/2b8fOow8UzyDFAE27YhOZM,https://api.spotify.com/v1/audio-analysis/2b8fOow8UzyDFAE27YhOZM,189486,4
49,Dior,Pop Smoke,1421180,https://open.spotify.com/track/79s5XnCN4TJKTVMSmOx8Ep,79s5XnCN4TJKTVMSmOx8Ep,0.548,0.805,7,-5.732,1,0.351,0.212,0.000389,0.408,0.648,142.094,audio_features,79s5XnCN4TJKTVMSmOx8Ep,spotify:track:79s5XnCN4TJKTVMSmOx8Ep,https://api.spotify.com/v1/tracks/79s5XnCN4TJKTVMSmOx8Ep,https://api.spotify.com/v1/audio-analysis/79s5XnCN4TJKTVMSmOx8Ep,216387,4
50,Got It On Me,Pop Smoke,1393605,https://open.spotify.com/track/25zlnOAzbVoOzIeXSvQFf1,25zlnOAzbVoOzIeXSvQFf1,0.688,0.647,2,-7.258,1,0.19,0.00815,1.65e-05,0.095,0.195,88.834,audio_features,25zlnOAzbVoOzIeXSvQFf1,spotify:track:25zlnOAzbVoOzIeXSvQFf1,https://api.spotify.com/v1/tracks/25zlnOAzbVoOzIeXSvQFf1,https://api.spotify.com/v1/audio-analysis/25zlnOAzbVoOzIeXSvQFf1,164580,4
51,Lose Somebody,Kygo,1339805,https://open.spotify.com/track/1sgDyuLooyvEML4oHspNza,1sgDyuLooyvEML4oHspNza,0.58,0.586,1,-6.883,1,0.0357,0.344,0,0.0755,0.507,147.988,audio_features,1sgDyuLooyvEML4oHspNza,spotify:track:1sgDyuLooyvEML4oHspNza,https://api.spotify.com/v1/tracks/1sgDyuLooyvEML4oHspNza,https://api.spotify.com/v1/audio-analysis/1sgDyuLooyvEML4oHspNza,199549,4
52,La Curiosidad,Jay Wheeler,1316718,https://open.spotify.com/track/4HYDUMY0xSpeBr0AMY9cUz,4HYDUMY0xSpeBr0AMY9cUz,0.845,0.677,11,-4.798,0,0.136,0.269,0.000917,0.108,0.68,90.013,audio_features,4HYDUMY0xSpeBr0AMY9cUz,spotify:track:4HYDUMY0xSpeBr0AMY9cUz,https://api.spotify.com/v1/tracks/4HYDUMY0xSpeBr0AMY9cUz,https://api.spotify.com/v1/audio-analysis/4HYDUMY0xSpeBr0AMY9cUz,219048,4
53,HIGHEST IN THE ROOM,Travis Scott,1292717,https://open.spotify.com/track/3eekarcy7kvN4yt5ZFzltW,3eekarcy7kvN4yt5ZFzltW,0.598,0.427,7,-8.764,0,0.0317,0.0546,5.83e-06,0.21,0.0605,76.469,audio_features,3eekarcy7kvN4yt5ZFzltW,spotify:track:3eekarcy7kvN4yt5ZFzltW,https://api.spotify.com/v1/tracks/3eekarcy7kvN4yt5ZFzltW,https://api.spotify.com/v1/audio-analysis/3eekarcy7kvN4yt5ZFzltW,175721,4
54,bad guy,Billie Eilish,1286222,https://open.spotify.com/track/2Fxmhks0bxGSBdJ92vM42m,2Fxmhks0bxGSBdJ92vM42m,0.701,0.425,7,-10.965,1,0.375,0.328,0.13,0.1,0.562,135.128,audio_features,2Fxmhks0bxGSBdJ92vM42m,spotify:track:2Fxmhks0bxGSBdJ92vM42m,https://api.spotify.com/v1/tracks/2Fxmhks0bxGSBdJ92vM42m,https://api.spotify.com/v1/audio-analysis/2Fxmhks0bxGSBdJ92vM42m,194088,4
55,Sunflower - Spider-Man: Into the Spider-Verse,Post Malone,1276452,https://open.spotify.com/track/0RiRZpuVRbi7oqRdSMwhQY,0RiRZpuVRbi7oqRdSMwhQY,0.755,0.522,2,-4.368,1,0.0575,0.533,0,0.0685,0.925,89.96,audio_features,0RiRZpuVRbi7oqRdSMwhQY,spotify:track:0RiRZpuVRbi7oqRdSMwhQY,https://api.spotify.com/v1/tracks/0RiRZpuVRbi7oqRdSMwhQY,https://api.spotify.com/v1/audio-analysis/0RiRZpuVRbi7oqRdSMwhQY,157560,4
56,Safaera,Bad Bunny,1273223,https://open.spotify.com/track/2DEZmgHKAvm41k4J3R2E9Y,2DEZmgHKAvm41k4J3R2E9Y,0.607,0.829,2,-4.074,1,0.379,0.0103,0,0.107,0.685,96.172,audio_features,2DEZmgHKAvm41k4J3R2E9Y,spotify:track:2DEZmgHKAvm41k4J3R2E9Y,https://api.spotify.com/v1/tracks/2DEZmgHKAvm41k4J3R2E9Y,https://api.spotify.com/v1/audio-analysis/2DEZmgHKAvm41k4J3R2E9Y,295177,4
57,Life Is Good (feat. Drake),Future,1266388,https://open.spotify.com/track/1K5KBOgreBi5fkEHvg5ap3,1K5KBOgreBi5fkEHvg5ap3,0.795,0.574,2,-6.903,0,0.487,0.067,0,0.15,0.537,142.053,audio_features,1K5KBOgreBi5fkEHvg5ap3,spotify:track:1K5KBOgreBi5fkEHvg5ap3,https://api.spotify.com/v1/tracks/1K5KBOgreBi5fkEHvg5ap3,https://api.spotify.com/v1/audio-analysis/1K5KBOgreBi5fkEHvg5ap3,237918,4
58,Yo Perreo Sola,Bad Bunny,1247442,https://open.spotify.com/track/0SqqAgdovOE24BzxIClpjw,0SqqAgdovOE24BzxIClpjw,0.86,0.758,11,-5.16,1,0.0695,0.021,6.54e-05,0.344,0.453,97.014,audio_features,0SqqAgdovOE24BzxIClpjw,spotify:track:0SqqAgdovOE24BzxIClpjw,https://api.spotify.com/v1/tracks/0SqqAgdovOE24BzxIClpjw,https://api.spotify.com/v1/audio-analysis/0SqqAgdovOE24BzxIClpjw,172127,4
59,Lucid Dreams,Juice WRLD,1245815,https://open.spotify.com/track/285pBltuF7vW8TeWk8hdRR,285pBltuF7vW8TeWk8hdRR,0.511,0.566,6,-7.23,0,0.2,0.349,0,0.34,0.218,83.903,audio_features,285pBltuF7vW8TeWk8hdRR,spotify:track:285pBltuF7vW8TeWk8hdRR,https://api.spotify.com/v1/tracks/285pBltuF7vW8TeWk8hdRR,https://api.spotify.com/v1/audio-analysis/285pBltuF7vW8TeWk8hdRR,239836,4
60,Go Crazy,Chris Brown,1236402,https://open.spotify.com/track/1IIKrJVP1C9N7iPtG6eOsK,1IIKrJVP1C9N7iPtG6eOsK,0.755,0.578,0,-8.932,0,0.145,0.316,0,0.25,0.581,94.148,audio_features,1IIKrJVP1C9N7iPtG6eOsK,spotify:track:1IIKrJVP1C9N7iPtG6eOsK,https://api.spotify.com/v1/tracks/1IIKrJVP1C9N7iPtG6eOsK,https://api.spotify.com/v1/audio-analysis/1IIKrJVP1C9N7iPtG6eOsK,176960,4
61,Come & Go (with Marshmello),Juice WRLD,1233395,https://open.spotify.com/track/4Lxseh0wN7N0ljiOh8KwbU,4Lxseh0wN7N0ljiOh8KwbU,0.625,0.811,0,-5.183,1,0.0659,0.0173,0,0.16,0.532,144.994,audio_features,4Lxseh0wN7N0ljiOh8KwbU,spotify:track:4Lxseh0wN7N0ljiOh8KwbU,https://api.spotify.com/v1/tracks/4Lxseh0wN7N0ljiOh8KwbU,https://api.spotify.com/v1/audio-analysis/4Lxseh0wN7N0ljiOh8KwbU,205485,4
62,SICKO MODE,Travis Scott,1231758,https://open.spotify.com/track/2xLMifQCjDGFmkHkpNLD9h,2xLMifQCjDGFmkHkpNLD9h,0.834,0.73,8,-3.714,1,0.222,0.00513,0,0.124,0.446,155.008,audio_features,2xLMifQCjDGFmkHkpNLD9h,spotify:track:2xLMifQCjDGFmkHkpNLD9h,https://api.spotify.com/v1/tracks/2xLMifQCjDGFmkHkpNLD9h,https://api.spotify.com/v1/audio-analysis/2xLMifQCjDGFmkHkpNLD9h,312820,4
63,Elegí (feat. Dímelo Flow),Rauw Alejandro,1220840,https://open.spotify.com/track/50ZC4PM7hywH27RcCfViau,50ZC4PM7hywH27RcCfViau,0.824,0.631,0,-2.791,1,0.0809,0.237,0.000116,0.0531,0.678,171.965,audio_features,50ZC4PM7hywH27RcCfViau,spotify:track:50ZC4PM7hywH27RcCfViau,https://api.spotify.com/v1/tracks/50ZC4PM7hywH27RcCfViau,https://api.spotify.com/v1/audio-analysis/50ZC4PM7hywH27RcCfViau,197721,4
64,Chicago Freestyle (feat. Giveon),Drake,1208757,https://open.spotify.com/track/4wVOKKEHUJxHCFFNUWDn0B,4wVOKKEHUJxHCFFNUWDn0B,0.735,0.449,10,-7.507,1,0.347,0.629,0,0.113,0.0397,122.947,audio_features,4wVOKKEHUJxHCFFNUWDn0B,spotify:track:4wVOKKEHUJxHCFFNUWDn0B,https://api.spotify.com/v1/tracks/4wVOKKEHUJxHCFFNUWDn0B,https://api.spotify.com/v1/audio-analysis/4wVOKKEHUJxHCFFNUWDn0B,220488,4
65,Bläulich,Apache 207,1203729,https://open.spotify.com/track/57tck8MCxkY6tcQC6VhahR,57tck8MCxkY6tcQC6VhahR,0.796,0.687,1,-7.855,1,0.357,0.0633,0.000443,0.118,0.222,153.959,audio_features,57tck8MCxkY6tcQC6VhahR,spotify:track:57tck8MCxkY6tcQC6VhahR,https://api.spotify.com/v1/tracks/57tck8MCxkY6tcQC6VhahR,https://api.spotify.com/v1/audio-analysis/57tck8MCxkY6tcQC6VhahR,196230,4
66,WHATS POPPIN,Jack Harlow,1202031,https://open.spotify.com/track/1jaTQ3nqY3oAAYyCTbIvnM,1jaTQ3nqY3oAAYyCTbIvnM,0.923,0.604,11,-6.671,0,0.245,0.017,0,0.272,0.826,145.062,audio_features,1jaTQ3nqY3oAAYyCTbIvnM,spotify:track:1jaTQ3nqY3oAAYyCTbIvnM,https://api.spotify.com/v1/tracks/1jaTQ3nqY3oAAYyCTbIvnM,https://api.spotify.com/v1/audio-analysis/1jaTQ3nqY3oAAYyCTbIvnM,139741,4
67,After Party,Don Toliver,1189212,https://open.spotify.com/track/527k23H0A4Q0UJN3vGs0Da,527k23H0A4Q0UJN3vGs0Da,0.629,0.692,5,-8.045,1,0.0376,0.00981,0.331,0.603,0.453,162.948,audio_features,527k23H0A4Q0UJN3vGs0Da,spotify:track:527k23H0A4Q0UJN3vGs0Da,https://api.spotify.com/v1/tracks/527k23H0A4Q0UJN3vGs0Da,https://api.spotify.com/v1/audio-analysis/527k23H0A4Q0UJN3vGs0Da,167916,4
68,ROXANNE,Arizona Zervas,1188292,https://open.spotify.com/track/696DnlkuDOXcMAnKlTgXXK,696DnlkuDOXcMAnKlTgXXK,0.621,0.601,6,-5.616,0,0.148,0.0522,0,0.46,0.457,116.735,audio_features,696DnlkuDOXcMAnKlTgXXK,spotify:track:696DnlkuDOXcMAnKlTgXXK,https://api.spotify.com/v1/tracks/696DnlkuDOXcMAnKlTgXXK,https://api.spotify.com/v1/audio-analysis/696DnlkuDOXcMAnKlTgXXK,163636,5
69,Ride It,Regard,1186735,https://open.spotify.com/track/2tnVG71enUj33Ic2nFN6kZ,2tnVG71enUj33Ic2nFN6kZ,0.88,0.751,7,-4.258,0,0.0874,0.177,6.43e-05,0.106,0.884,117.948,audio_features,2tnVG71enUj33Ic2nFN6kZ,spotify:track:2tnVG71enUj33Ic2nFN6kZ,https://api.spotify.com/v1/tracks/2tnVG71enUj33Ic2nFN6kZ,https://api.spotify.com/v1/audio-analysis/2tnVG71enUj33Ic2nFN6kZ,157606,4
70,Djadja (feat. Maluma) - Remix,Aya Nakamura,1166910,https://open.spotify.com/track/6AzKhCHOms83jvNVLsz0Bt,6AzKhCHOms83jvNVLsz0Bt,0.791,0.682,5,-7.328,1,0.158,0.175,0,0.0926,0.672,98.031,audio_features,6AzKhCHOms83jvNVLsz0Bt,spotify:track:6AzKhCHOms83jvNVLsz0Bt,https://api.spotify.com/v1/tracks/6AzKhCHOms83jvNVLsz0Bt,https://api.spotify.com/v1/audio-analysis/6AzKhCHOms83jvNVLsz0Bt,166851,4
71,Banana (feat. Shaggy) - DJ FLe - Minisiren Remix,Conkarah,1165253,https://open.spotify.com/track/0dZpw3h6KZhcHec61qwevZ,0dZpw3h6KZhcHec61qwevZ,0.824,0.854,8,-5.312,1,0.177,0.016,4.95e-05,0.117,0.896,95.114,audio_features,0dZpw3h6KZhcHec61qwevZ,spotify:track:0dZpw3h6KZhcHec61qwevZ,https://api.spotify.com/v1/tracks/0dZpw3h6KZhcHec61qwevZ,https://api.spotify.com/v1/audio-analysis/0dZpw3h6KZhcHec61qwevZ,210329,4
72,Azul,J Balvin,1162966,https://open.spotify.com/track/2lCkncy6bIB0LTMT7kvrD1,2lCkncy6bIB0LTMT7kvrD1,0.843,0.836,11,-2.474,0,0.0695,0.0816,0.00138,0.0532,0.65,94.018,audio_features,2lCkncy6bIB0LTMT7kvrD1,spotify:track:2lCkncy6bIB0LTMT7kvrD1,https://api.spotify.com/v1/tracks/2lCkncy6bIB0LTMT7kvrD1,https://api.spotify.com/v1/audio-analysis/2lCkncy6bIB0LTMT7kvrD1,205933,4
73,Stunnin' (feat. Harm Franklin),Curtis Waters,1152902,https://open.spotify.com/track/2D0dj3hVkRQJCp63cxCPEx,2D0dj3hVkRQJCp63cxCPEx,0.885,0.685,11,-6.429,0,0.0627,0.33,0,0.148,0.937,99.954,audio_features,2D0dj3hVkRQJCp63cxCPEx,spotify:track:2D0dj3hVkRQJCp63cxCPEx,https://api.spotify.com/v1/tracks/2D0dj3hVkRQJCp63cxCPEx,https://api.spotify.com/v1/audio-analysis/2D0dj3hVkRQJCp63cxCPEx,144000,4
74,We Paid (feat. 42 Dugg),Lil Baby,1150404,https://open.spotify.com/track/6gxKUmycQX7uyMwJcweFjp,6gxKUmycQX7uyMwJcweFjp,0.926,0.542,1,-5.064,1,0.293,0.135,0,0.0877,0.564,135.14,audio_features,6gxKUmycQX7uyMwJcweFjp,spotify:track:6gxKUmycQX7uyMwJcweFjp,https://api.spotify.com/v1/tracks/6gxKUmycQX7uyMwJcweFjp,https://api.spotify.com/v1/audio-analysis/6gxKUmycQX7uyMwJcweFjp,181929,4
75,Rojo,J Balvin,1140913,https://open.spotify.com/track/380HmhwTE2NJgawn1NwkXi,380HmhwTE2NJgawn1NwkXi,0.663,0.598,11,-4.042,1,0.17,0.193,8.02e-05,0.0856,0.4,172.245,audio_features,380HmhwTE2NJgawn1NwkXi,spotify:track:380HmhwTE2NJgawn1NwkXi,https://api.spotify.com/v1/tracks/380HmhwTE2NJgawn1NwkXi,https://api.spotify.com/v1/audio-analysis/380HmhwTE2NJgawn1NwkXi,150720,4
76,Favorito,Camilo,1104885,https://open.spotify.com/track/0jT8Nl0shPS8115is0wD2Q,0jT8Nl0shPS8115is0wD2Q,0.606,0.853,9,-2.975,1,0.0545,0.237,0,0.251,0.822,178.043,audio_features,0jT8Nl0shPS8115is0wD2Q,spotify:track:0jT8Nl0shPS8115is0wD2Q,https://api.spotify.com/v1/tracks/0jT8Nl0shPS8115is0wD2Q,https://api.spotify.com/v1/audio-analysis/0jT8Nl0shPS8115is0wD2Q,209766,4
77,Secrets,Regard,1104240,https://open.spotify.com/track/66W1rVTnEv86dIkFhoiElg,66W1rVTnEv86dIkFhoiElg,0.848,0.768,6,-5.386,0,0.0373,0.0412,0.000785,0.195,0.777,118.961,audio_features,66W1rVTnEv86dIkFhoiElg,spotify:track:66W1rVTnEv86dIkFhoiElg,https://api.spotify.com/v1/tracks/66W1rVTnEv86dIkFhoiElg,https://api.spotify.com/v1/audio-analysis/66W1rVTnEv86dIkFhoiElg,176767,4
78,GO (feat. Juice WRLD),The Kid LAROI,1103269,https://open.spotify.com/track/2t7D3y0jvYjR8IP9Bosyew,2t7D3y0jvYjR8IP9Bosyew,0.544,0.744,6,-5.007,1,0.0889,0.185,0,0.336,0.572,73.699,audio_features,2t7D3y0jvYjR8IP9Bosyew,spotify:track:2t7D3y0jvYjR8IP9Bosyew,https://api.spotify.com/v1/tracks/2t7D3y0jvYjR8IP9Bosyew,https://api.spotify.com/v1/audio-analysis/2t7D3y0jvYjR8IP9Bosyew,183947,4
79,everything i wanted,Billie Eilish,1090812,https://open.spotify.com/track/3ZCTVFBt2Brf31RLEnCkWJ,3ZCTVFBt2Brf31RLEnCkWJ,0.704,0.225,6,-14.454,0,0.0994,0.902,0.657,0.106,0.243,120.006,audio_features,3ZCTVFBt2Brf31RLEnCkWJ,spotify:track:3ZCTVFBt2Brf31RLEnCkWJ,https://api.spotify.com/v1/tracks/3ZCTVFBt2Brf31RLEnCkWJ,https://api.spotify.com/v1/audio-analysis/3ZCTVFBt2Brf31RLEnCkWJ,245426,4
80,If the World Was Ending - feat. Julia Michaels,JP Saxe,1088608,https://open.spotify.com/track/2kJwzbxV2ppxnQoYw4GLBZ,2kJwzbxV2ppxnQoYw4GLBZ,0.464,0.473,1,-10.086,1,0.129,0.866,0,0.109,0.604,75.801,audio_features,2kJwzbxV2ppxnQoYw4GLBZ,spotify:track:2kJwzbxV2ppxnQoYw4GLBZ,https://api.spotify.com/v1/tracks/2kJwzbxV2ppxnQoYw4GLBZ,https://api.spotify.com/v1/audio-analysis/2kJwzbxV2ppxnQoYw4GLBZ,208687,4
81,lovely (with Khalid),Billie Eilish,1079829,https://open.spotify.com/track/0u2P5u6lvoDfwTYjAADbn4,0u2P5u6lvoDfwTYjAADbn4,0.351,0.296,4,-10.109,0,0.0333,0.934,0,0.095,0.12,115.284,audio_features,0u2P5u6lvoDfwTYjAADbn4,spotify:track:0u2P5u6lvoDfwTYjAADbn4,https://api.spotify.com/v1/tracks/0u2P5u6lvoDfwTYjAADbn4,https://api.spotify.com/v1/audio-analysis/0u2P5u6lvoDfwTYjAADbn4,200186,4
82,Tak Tiki Tak,Harry Nach,1062142,https://open.spotify.com/track/6Hw21Z5CmEV78jrncFpMwz,6Hw21Z5CmEV78jrncFpMwz,0.8,0.578,11,-4.779,0,0.0831,0.336,0.000311,0.184,0.234,99.989,audio_features,6Hw21Z5CmEV78jrncFpMwz,spotify:track:6Hw21Z5CmEV78jrncFpMwz,https://api.spotify.com/v1/tracks/6Hw21Z5CmEV78jrncFpMwz,https://api.spotify.com/v1/audio-analysis/6Hw21Z5CmEV78jrncFpMwz,212406,4
83,Rover (feat. DTG),S1mba,1059503,https://open.spotify.com/track/4slSrbTK1sNK4I1mDYEthf,4slSrbTK1sNK4I1mDYEthf,0.613,0.624,11,-6.66,0,0.206,0.496,0,0.283,0.804,62.948,audio_features,4slSrbTK1sNK4I1mDYEthf,spotify:track:4slSrbTK1sNK4I1mDYEthf,https://api.spotify.com/v1/tracks/4slSrbTK1sNK4I1mDYEthf,https://api.spotify.com/v1/audio-analysis/4slSrbTK1sNK4I1mDYEthf,167917,5
84,"PORFA Remix ( Feat. Maluma, Nicky Jam, Sech) - Remix",Feid,1055456,https://open.spotify.com/track/7lUdbnz7wsv3C9zzf4WHl9,7lUdbnz7wsv3C9zzf4WHl9,0.793,0.737,6,-4.731,0,0.0785,0.0765,0,0.0747,0.697,167.969,audio_features,7lUdbnz7wsv3C9zzf4WHl9,spotify:track:7lUdbnz7wsv3C9zzf4WHl9,https://api.spotify.com/v1/tracks/7lUdbnz7wsv3C9zzf4WHl9,https://api.spotify.com/v1/audio-analysis/7lUdbnz7wsv3C9zzf4WHl9,333800,4
85,Godzilla (feat. Juice WRLD),Eminem,1039037,https://open.spotify.com/track/7FIWs0pqAYbP91WWM0vlTQ,7FIWs0pqAYbP91WWM0vlTQ,0.808,0.745,10,-5.26,0,0.342,0.145,0,0.292,0.829,165.995,audio_features,7FIWs0pqAYbP91WWM0vlTQ,spotify:track:7FIWs0pqAYbP91WWM0vlTQ,https://api.spotify.com/v1/tracks/7FIWs0pqAYbP91WWM0vlTQ,https://api.spotify.com/v1/audio-analysis/7FIWs0pqAYbP91WWM0vlTQ,210800,4
86,Boss Bitch,Doja Cat,1015465,https://open.spotify.com/track/78qd8dvwea0Gosb6Fe6j3k,78qd8dvwea0Gosb6Fe6j3k,0.707,0.955,10,-4.593,0,0.222,0.127,0,0.202,0.575,125.989,audio_features,78qd8dvwea0Gosb6Fe6j3k,spotify:track:78qd8dvwea0Gosb6Fe6j3k,https://api.spotify.com/v1/tracks/78qd8dvwea0Gosb6Fe6j3k,https://api.spotify.com/v1/audio-analysis/78qd8dvwea0Gosb6Fe6j3k,134240,4
87,Shallow,Lady Gaga,1012277,https://open.spotify.com/track/2VxeLyX666F8uXCJ0dZF8B,2VxeLyX666F8uXCJ0dZF8B,0.572,0.385,7,-6.362,1,0.0308,0.371,0,0.231,0.323,95.799,audio_features,2VxeLyX666F8uXCJ0dZF8B,spotify:track:2VxeLyX666F8uXCJ0dZF8B,https://api.spotify.com/v1/tracks/2VxeLyX666F8uXCJ0dZF8B,https://api.spotify.com/v1/audio-analysis/2VxeLyX666F8uXCJ0dZF8B,215733,4
88,I Don't Care (with Justin Bieber),Ed Sheeran,1002819,https://open.spotify.com/track/0hVXuCcriWRGvwMV1r5Yn9,0hVXuCcriWRGvwMV1r5Yn9,0.798,0.676,6,-5.041,1,0.0442,0.0902,0,0.0894,0.843,101.956,audio_features,0hVXuCcriWRGvwMV1r5Yn9,spotify:track:0hVXuCcriWRGvwMV1r5Yn9,https://api.spotify.com/v1/tracks/0hVXuCcriWRGvwMV1r5Yn9,https://api.spotify.com/v1/audio-analysis/0hVXuCcriWRGvwMV1r5Yn9,219947,4
89,Wash Us In The Blood,Kanye West,999666,https://open.spotify.com/track/7mEUjhl6aTztdHCrxoTgBG,7mEUjhl6aTztdHCrxoTgBG,0.67,0.847,10,-4.85,1,0.409,0.184,0,0.304,0.381,137.22,audio_features,7mEUjhl6aTztdHCrxoTgBG,spotify:track:7mEUjhl6aTztdHCrxoTgBG,https://api.spotify.com/v1/tracks/7mEUjhl6aTztdHCrxoTgBG,https://api.spotify.com/v1/audio-analysis/7mEUjhl6aTztdHCrxoTgBG,189827,4
90,Some Say - Felix Jaehn Remix,Nea,998221,https://open.spotify.com/track/7C1trmcQQ5n5RNy4l6ziCv,7C1trmcQQ5n5RNy4l6ziCv,0.682,0.7,6,-5.591,1,0.0397,0.406,0,0.174,0.637,120.03,audio_features,7C1trmcQQ5n5RNy4l6ziCv,spotify:track:7C1trmcQQ5n5RNy4l6ziCv,https://api.spotify.com/v1/tracks/7C1trmcQQ5n5RNy4l6ziCv,https://api.spotify.com/v1/audio-analysis/7C1trmcQQ5n5RNy4l6ziCv,186878,4
91,Righteous,Juice WRLD,979825,https://open.spotify.com/track/0OyQns5ayNK2OVaES0Vb8t,0OyQns5ayNK2OVaES0Vb8t,0.707,0.622,0,-6.951,1,0.031,0.0397,0,0.149,0.223,142.942,audio_features,0OyQns5ayNK2OVaES0Vb8t,spotify:track:0OyQns5ayNK2OVaES0Vb8t,https://api.spotify.com/v1/tracks/0OyQns5ayNK2OVaES0Vb8t,https://api.spotify.com/v1/audio-analysis/0OyQns5ayNK2OVaES0Vb8t,243357,4
92,Robbery,Juice WRLD,978722,https://open.spotify.com/track/6Hj9jySrnFppAI0sEMCZpJ,6Hj9jySrnFppAI0sEMCZpJ,0.685,0.692,2,-5.122,1,0.0457,0.328,0,0.153,0.578,159.966,audio_features,6Hj9jySrnFppAI0sEMCZpJ,spotify:track:6Hj9jySrnFppAI0sEMCZpJ,https://api.spotify.com/v1/tracks/6Hj9jySrnFppAI0sEMCZpJ,https://api.spotify.com/v1/audio-analysis/6Hj9jySrnFppAI0sEMCZpJ,240051,5
93,CÓMO SE SIENTE - Remix,Jhay Cortez,974611,https://open.spotify.com/track/2tFwfmceQa1Y6nRPhYbEtC,2tFwfmceQa1Y6nRPhYbEtC,0.807,0.606,3,-8.871,0,0.088,0.0946,0,0.119,0.304,92.988,audio_features,2tFwfmceQa1Y6nRPhYbEtC,spotify:track:2tFwfmceQa1Y6nRPhYbEtC,https://api.spotify.com/v1/tracks/2tFwfmceQa1Y6nRPhYbEtC,https://api.spotify.com/v1/audio-analysis/2tFwfmceQa1Y6nRPhYbEtC,227520,4
94,Walk Em Down (feat. Roddy Ricch),NLE Choppa,970476,https://open.spotify.com/track/4cSSL3YafYjM3yjgFO1vJg,4cSSL3YafYjM3yjgFO1vJg,0.867,0.744,2,-5.171,1,0.227,0.268,0,0.0713,0.645,84.005,audio_features,4cSSL3YafYjM3yjgFO1vJg,spotify:track:4cSSL3YafYjM3yjgFO1vJg,https://api.spotify.com/v1/tracks/4cSSL3YafYjM3yjgFO1vJg,https://api.spotify.com/v1/audio-analysis/4cSSL3YafYjM3yjgFO1vJg,173288,4
95,Tattoo,Rauw Alejandro,962260,https://open.spotify.com/track/7na7Bk98usp84FaOJFPv3d,7na7Bk98usp84FaOJFPv3d,0.755,0.617,9,-5.144,1,0.182,0.0217,0,0.0625,0.745,193.896,audio_features,7na7Bk98usp84FaOJFPv3d,spotify:track:7na7Bk98usp84FaOJFPv3d,https://api.spotify.com/v1/tracks/7na7Bk98usp84FaOJFPv3d,https://api.spotify.com/v1/audio-analysis/7na7Bk98usp84FaOJFPv3d,202887,4
96,"Ego Death (feat. Kanye West, FKA twigs & Skrillex)",Ty Dolla $ign,957622,https://open.spotify.com/track/4JB0EAT4BkLShTyTt50FmO,4JB0EAT4BkLShTyTt50FmO,0.813,0.615,10,-5.624,0,0.132,0.061,0,0.654,0.321,111.039,audio_features,4JB0EAT4BkLShTyTt50FmO,spotify:track:4JB0EAT4BkLShTyTt50FmO,https://api.spotify.com/v1/tracks/4JB0EAT4BkLShTyTt50FmO,https://api.spotify.com/v1/audio-analysis/4JB0EAT4BkLShTyTt50FmO,231067,4
97,Physical,Dua Lipa,955152,https://open.spotify.com/track/3AzjcOeAmA57TIOr9zF1ZW,3AzjcOeAmA57TIOr9zF1ZW,0.647,0.844,0,-3.756,1,0.0457,0.0137,0.000658,0.102,0.746,146.967,audio_features,3AzjcOeAmA57TIOr9zF1ZW,spotify:track:3AzjcOeAmA57TIOr9zF1ZW,https://api.spotify.com/v1/tracks/3AzjcOeAmA57TIOr9zF1ZW,https://api.spotify.com/v1/audio-analysis/3AzjcOeAmA57TIOr9zF1ZW,193829,4
98,Are You Bored Yet? (feat. Clairo),Wallows,951132,https://open.spotify.com/track/57RA3JGafJm5zRtKJiKPIm,57RA3JGafJm5zRtKJiKPIm,0.682,0.683,8,-6.444,0,0.0287,0.156,2.32e-05,0.273,0.64,120.023,audio_features,57RA3JGafJm5zRtKJiKPIm,spotify:track:57RA3JGafJm5zRtKJiKPIm,https://api.spotify.com/v1/tracks/57RA3JGafJm5zRtKJiKPIm,https://api.spotify.com/v1/audio-analysis/57RA3JGafJm5zRtKJiKPIm,178000,4
99,hot girl bummer,blackbear,942197,https://open.spotify.com/track/7aiClxsDWFRQ0Kzk5KI5ku,7aiClxsDWFRQ0Kzk5KI5ku,0.778,0.559,6,-7.109,0,0.0776,0.128,0,0.399,0.678,129.989,audio_features,7aiClxsDWFRQ0Kzk5KI5ku,spotify:track:7aiClxsDWFRQ0Kzk5KI5ku,https://api.spotify.com/v1/tracks/7aiClxsDWFRQ0Kzk5KI5ku,https://api.spotify.com/v1/audio-analysis/7aiClxsDWFRQ0Kzk5KI5ku,185093,1
100,Believer,Imagine Dragons,939104,https://open.spotify.com/track/0pqnGHJpmpxLKifKRmU6WP,0pqnGHJpmpxLKifKRmU6WP,0.776,0.78,10,-4.374,0,0.128,0.0622,0,0.081,0.666,124.949,audio_features,0pqnGHJpmpxLKifKRmU6WP,spotify:track:0pqnGHJpmpxLKifKRmU6WP,https://api.spotify.com/v1/tracks/0pqnGHJpmpxLKifKRmU6WP,https://api.spotify.com/v1/audio-analysis/0pqnGHJpmpxLKifKRmU6WP,204347,4
101,Sour Candy (with BLACKPINK),Lady Gaga,926986,https://open.spotify.com/track/1IWNylpZ477gIVUDpJL66u,1IWNylpZ477gIVUDpJL66u,0.752,0.87,9,-3.812,0,0.0623,0.0604,1.12e-05,0.489,0.784,120.006,audio_features,1IWNylpZ477gIVUDpJL66u,spotify:track:1IWNylpZ477gIVUDpJL66u,https://api.spotify.com/v1/tracks/1IWNylpZ477gIVUDpJL66u,https://api.spotify.com/v1/audio-analysis/1IWNylpZ477gIVUDpJL66u,157707,4
102,Lose Control,MEDUZA,923833,https://open.spotify.com/track/7CHi4DtfK4heMlQaudCuHK,7CHi4DtfK4heMlQaudCuHK,0.598,0.526,10,-8.659,0,0.0415,0.129,0,0.14,0.529,123.935,audio_features,7CHi4DtfK4heMlQaudCuHK,spotify:track:7CHi4DtfK4heMlQaudCuHK,https://api.spotify.com/v1/tracks/7CHi4DtfK4heMlQaudCuHK,https://api.spotify.com/v1/audio-analysis/7CHi4DtfK4heMlQaudCuHK,168387,4
103,Rags2Riches (feat. ATR Son Son),Rod Wave,915788,https://open.spotify.com/track/1ENdcyhqdylaLsPVgB83qq,1ENdcyhqdylaLsPVgB83qq,0.904,0.252,5,-17.54,0,0.11,0.294,0,0.104,0.227,117.994,audio_features,1ENdcyhqdylaLsPVgB83qq,spotify:track:1ENdcyhqdylaLsPVgB83qq,https://api.spotify.com/v1/tracks/1ENdcyhqdylaLsPVgB83qq,https://api.spotify.com/v1/audio-analysis/1ENdcyhqdylaLsPVgB83qq,167184,4
104,Gangstas,Pop Smoke,909281,https://open.spotify.com/track/1hg3RlqFZXJb5YgRoK9qmF,1hg3RlqFZXJb5YgRoK9qmF,0.548,0.506,4,-7.434,0,0.102,0.203,0.0001,0.0788,0.557,119.987,audio_features,1hg3RlqFZXJb5YgRoK9qmF,spotify:track:1hg3RlqFZXJb5YgRoK9qmF,https://api.spotify.com/v1/tracks/1hg3RlqFZXJb5YgRoK9qmF,https://api.spotify.com/v1/audio-analysis/1hg3RlqFZXJb5YgRoK9qmF,160000,5
105,Make It Rain (feat. Rowdy Rebel),Pop Smoke,906575,https://open.spotify.com/track/71d7LaAgPcNcUopu3OzmP7,71d7LaAgPcNcUopu3OzmP7,0.5,0.767,1,-4.105,1,0.403,0.162,9.79e-05,0.385,0.58,159.477,audio_features,71d7LaAgPcNcUopu3OzmP7,spotify:track:71d7LaAgPcNcUopu3OzmP7,https://api.spotify.com/v1/tracks/71d7LaAgPcNcUopu3OzmP7,https://api.spotify.com/v1/audio-analysis/71d7LaAgPcNcUopu3OzmP7,202443,4
106,The Bigger Picture,Lil Baby,894096,https://open.spotify.com/track/44gRhRi2OhEf7moAUj6MD1,44gRhRi2OhEf7moAUj6MD1,0.59,0.618,1,-5.756,1,0.334,0.0127,0,0.244,0.153,96.459,audio_features,44gRhRi2OhEf7moAUj6MD1,spotify:track:44gRhRi2OhEf7moAUj6MD1,https://api.spotify.com/v1/tracks/44gRhRi2OhEf7moAUj6MD1,https://api.spotify.com/v1/audio-analysis/44gRhRi2OhEf7moAUj6MD1,252729,3
107,PORFA,Feid,878257,https://open.spotify.com/track/4TOmcZvw0gHa7GiXRbcYAW,4TOmcZvw0gHa7GiXRbcYAW,0.795,0.542,6,-8.106,0,0.193,0.0903,0,0.117,0.55,167.823,audio_features,4TOmcZvw0gHa7GiXRbcYAW,spotify:track:4TOmcZvw0gHa7GiXRbcYAW,https://api.spotify.com/v1/tracks/4TOmcZvw0gHa7GiXRbcYAW,https://api.spotify.com/v1/audio-analysis/4TOmcZvw0gHa7GiXRbcYAW,232653,4
108,Jocelyn Flores,XXXTENTACION,877929,https://open.spotify.com/track/7m9OqQk4RVRkw9JJdeAw96,7m9OqQk4RVRkw9JJdeAw96,0.872,0.391,0,-9.144,0,0.242,0.469,4.13e-06,0.297,0.437,134.021,audio_features,7m9OqQk4RVRkw9JJdeAw96,spotify:track:7m9OqQk4RVRkw9JJdeAw96,https://api.spotify.com/v1/tracks/7m9OqQk4RVRkw9JJdeAw96,https://api.spotify.com/v1/audio-analysis/7m9OqQk4RVRkw9JJdeAw96,119133,4
109,RITMO (Bad Boys For Life),Black Eyed Peas,866176,https://open.spotify.com/track/4NCsrTzgVfsDo8nWyP8PPc,4NCsrTzgVfsDo8nWyP8PPc,0.723,0.704,10,-7.088,0,0.0571,0.0259,0.00109,0.792,0.684,105.095,audio_features,4NCsrTzgVfsDo8nWyP8PPc,spotify:track:4NCsrTzgVfsDo8nWyP8PPc,https://api.spotify.com/v1/tracks/4NCsrTzgVfsDo8nWyP8PPc,https://api.spotify.com/v1/audio-analysis/4NCsrTzgVfsDo8nWyP8PPc,214935,4
110,rockstar (feat. 21 Savage),Post Malone,853247,https://open.spotify.com/track/0e7ipj03S05BNilyu5bRzt,0e7ipj03S05BNilyu5bRzt,0.585,0.52,5,-6.136,0,0.0712,0.124,7.01e-05,0.131,0.129,159.801,audio_features,0e7ipj03S05BNilyu5bRzt,spotify:track:0e7ipj03S05BNilyu5bRzt,https://api.spotify.com/v1/tracks/0e7ipj03S05BNilyu5bRzt,https://api.spotify.com/v1/audio-analysis/0e7ipj03S05BNilyu5bRzt,218147,4
111,Beautiful People (feat. Khalid),Ed Sheeran,852443,https://open.spotify.com/track/70eFcWOvlMObDhURTqT4Fv,70eFcWOvlMObDhURTqT4Fv,0.64,0.647,5,-8.114,0,0.186,0.124,0,0.0801,0.546,92.979,audio_features,70eFcWOvlMObDhURTqT4Fv,spotify:track:70eFcWOvlMObDhURTqT4Fv,https://api.spotify.com/v1/tracks/70eFcWOvlMObDhURTqT4Fv,https://api.spotify.com/v1/audio-analysis/70eFcWOvlMObDhURTqT4Fv,197867,4
112,Flex (feat. Juice WRLD),Polo G,850709,https://open.spotify.com/track/2QqJTIlGKRLJC3onkavYEz,2QqJTIlGKRLJC3onkavYEz,0.752,0.673,10,-5.792,0,0.153,0.0538,0,0.133,0.35,164.009,audio_features,2QqJTIlGKRLJC3onkavYEz,spotify:track:2QqJTIlGKRLJC3onkavYEz,https://api.spotify.com/v1/tracks/2QqJTIlGKRLJC3onkavYEz,https://api.spotify.com/v1/audio-analysis/2QqJTIlGKRLJC3onkavYEz,163902,4
113,TROLLZ (with Nicki Minaj),6ix9ine,846500,https://open.spotify.com/track/3dVvWnj4D8JGkKvo6Hucso,3dVvWnj4D8JGkKvo6Hucso,0.744,0.422,1,-8.946,1,0.294,0.0319,0.00011,0.11,0.493,180.006,audio_features,3dVvWnj4D8JGkKvo6Hucso,spotify:track:3dVvWnj4D8JGkKvo6Hucso,https://api.spotify.com/v1/tracks/3dVvWnj4D8JGkKvo6Hucso,https://api.spotify.com/v1/audio-analysis/3dVvWnj4D8JGkKvo6Hucso,202667,4
114,7 rings,Ariana Grande,844701,https://open.spotify.com/track/6ocbgoVGwYJhOv1GgI9NsF,6ocbgoVGwYJhOv1GgI9NsF,0.778,0.317,1,-10.732,0,0.334,0.592,0,0.0881,0.327,140.048,audio_features,6ocbgoVGwYJhOv1GgI9NsF,spotify:track:6ocbgoVGwYJhOv1GgI9NsF,https://api.spotify.com/v1/tracks/6ocbgoVGwYJhOv1GgI9NsF,https://api.spotify.com/v1/audio-analysis/6ocbgoVGwYJhOv1GgI9NsF,178627,4
115,SAD!,XXXTENTACION,842395,https://open.spotify.com/track/3ee8Jmje8o58CHK66QrVC2,3ee8Jmje8o58CHK66QrVC2,0.74,0.613,8,-4.88,1,0.145,0.258,0.00372,0.123,0.473,75.023,audio_features,3ee8Jmje8o58CHK66QrVC2,spotify:track:3ee8Jmje8o58CHK66QrVC2,https://api.spotify.com/v1/tracks/3ee8Jmje8o58CHK66QrVC2,https://api.spotify.com/v1/audio-analysis/3ee8Jmje8o58CHK66QrVC2,166606,4
116,Amarillo,J Balvin,836018,https://open.spotify.com/track/6zEgnpM0qYmHLDnh8WPejL,6zEgnpM0qYmHLDnh8WPejL,0.641,0.857,1,-5.725,0,0.301,0.013,0.00534,0.0695,0.961,122.728,audio_features,6zEgnpM0qYmHLDnh8WPejL,spotify:track:6zEgnpM0qYmHLDnh8WPejL,https://api.spotify.com/v1/tracks/6zEgnpM0qYmHLDnh8WPejL,https://api.spotify.com/v1/audio-analysis/6zEgnpM0qYmHLDnh8WPejL,157733,5
117,Mood Swings (feat. Lil Tjay),Pop Smoke,834127,https://open.spotify.com/track/5rZlwNFl01HqLWBQGryKSm,5rZlwNFl01HqLWBQGryKSm,0.48,0.602,10,-6.335,0,0.368,0.487,0,0.0848,0.269,179.798,audio_features,5rZlwNFl01HqLWBQGryKSm,spotify:track:5rZlwNFl01HqLWBQGryKSm,https://api.spotify.com/v1/tracks/5rZlwNFl01HqLWBQGryKSm,https://api.spotify.com/v1/audio-analysis/5rZlwNFl01HqLWBQGryKSm,213333,4
118,DOLLAZ ON MY HEAD (feat. Young Thug),Gunna,826537,https://open.spotify.com/track/3nS9a01VvXHQriLqJYwRqG,3nS9a01VvXHQriLqJYwRqG,0.825,0.458,0,-7.47,1,0.0577,0.114,0,0.102,0.161,145.115,audio_features,3nS9a01VvXHQriLqJYwRqG,spotify:track:3nS9a01VvXHQriLqJYwRqG,https://api.spotify.com/v1/tracks/3nS9a01VvXHQriLqJYwRqG,https://api.spotify.com/v1/audio-analysis/3nS9a01VvXHQriLqJYwRqG,197760,4
119,Desce Pro Play (PA PA PA),Mc Zaac,825772,https://open.spotify.com/track/4zGtfOglDBfVUypabBwIjQ,4zGtfOglDBfVUypabBwIjQ,0.935,0.71,11,-5.085,0,0.158,0.0769,1.92e-06,0.173,0.635,100.009,audio_features,4zGtfOglDBfVUypabBwIjQ,spotify:track:4zGtfOglDBfVUypabBwIjQ,https://api.spotify.com/v1/tracks/4zGtfOglDBfVUypabBwIjQ,https://api.spotify.com/v1/audio-analysis/4zGtfOglDBfVUypabBwIjQ,168507,4
120,Shape of You,Ed Sheeran,823896,https://open.spotify.com/track/7qiZfU4dY1lWllzX7mPBI3,7qiZfU4dY1lWllzX7mPBI3,0.825,0.652,1,-3.183,0,0.0802,0.581,0,0.0931,0.931,95.977,audio_features,7qiZfU4dY1lWllzX7mPBI3,spotify:track:7qiZfU4dY1lWllzX7mPBI3,https://api.spotify.com/v1/tracks/7qiZfU4dY1lWllzX7mPBI3,https://api.spotify.com/v1/audio-analysis/7qiZfU4dY1lWllzX7mPBI3,233713,4
121,Falling,Harry Styles,810471,https://open.spotify.com/track/1ZMiCix7XSAbfAJlEZWMCp,1ZMiCix7XSAbfAJlEZWMCp,0.567,0.267,4,-6.502,1,0.0299,0.839,1.46e-06,0.089,0.0592,110.011,audio_features,1ZMiCix7XSAbfAJlEZWMCp,spotify:track:1ZMiCix7XSAbfAJlEZWMCp,https://api.spotify.com/v1/tracks/1ZMiCix7XSAbfAJlEZWMCp,https://api.spotify.com/v1/audio-analysis/1ZMiCix7XSAbfAJlEZWMCp,240133,4
122,when the party's over,Billie Eilish,810295,https://open.spotify.com/track/43zdsphuZLzwA9k4DJhU0I,43zdsphuZLzwA9k4DJhU0I,0.367,0.111,4,-14.084,1,0.0972,0.978,3.97e-05,0.0897,0.198,82.642,audio_features,43zdsphuZLzwA9k4DJhU0I,spotify:track:43zdsphuZLzwA9k4DJhU0I,https://api.spotify.com/v1/tracks/43zdsphuZLzwA9k4DJhU0I,https://api.spotify.com/v1/audio-analysis/43zdsphuZLzwA9k4DJhU0I,196077,4
123,Monster,Red Velvet - IRENE & SEULGI,808315,https://open.spotify.com/track/6c1QaQHdDhtFMfUkhueuXK,6c1QaQHdDhtFMfUkhueuXK,0.631,0.748,4,-2.569,0,0.0488,0.212,0,0.537,0.351,115.665,audio_features,6c1QaQHdDhtFMfUkhueuXK,spotify:track:6c1QaQHdDhtFMfUkhueuXK,https://api.spotify.com/v1/tracks/6c1QaQHdDhtFMfUkhueuXK,https://api.spotify.com/v1/audio-analysis/6c1QaQHdDhtFMfUkhueuXK,178413,4
124,Something Special,Pop Smoke,805744,https://open.spotify.com/track/5kkaSMcf4BFlhRRICCKZb6,5kkaSMcf4BFlhRRICCKZb6,0.739,0.616,7,-6.963,0,0.0338,0.252,1.93e-06,0.101,0.654,91.071,audio_features,5kkaSMcf4BFlhRRICCKZb6,spotify:track:5kkaSMcf4BFlhRRICCKZb6,https://api.spotify.com/v1/tracks/5kkaSMcf4BFlhRRICCKZb6,https://api.spotify.com/v1/audio-analysis/5kkaSMcf4BFlhRRICCKZb6,158466,4
125,Skechers,DripReport,804970,https://open.spotify.com/track/2alc8VZAzDgdAsL2QMk3hu,2alc8VZAzDgdAsL2QMk3hu,0.903,0.327,1,-9.727,1,0.0877,0.26,0.011,0.108,0.274,100.008,audio_features,2alc8VZAzDgdAsL2QMk3hu,spotify:track:2alc8VZAzDgdAsL2QMk3hu,https://api.spotify.com/v1/tracks/2alc8VZAzDgdAsL2QMk3hu,https://api.spotify.com/v1/audio-analysis/2alc8VZAzDgdAsL2QMk3hu,106000,4
126,All Girls Are The Same,Juice WRLD,804655,https://open.spotify.com/track/4VXIryQMWpIdGgYR4TrjT1,4VXIryQMWpIdGgYR4TrjT1,0.671,0.529,0,-7.226,1,0.307,0.0769,0.000335,0.0856,0.203,161.989,audio_features,4VXIryQMWpIdGgYR4TrjT1,spotify:track:4VXIryQMWpIdGgYR4TrjT1,https://api.spotify.com/v1/tracks/4VXIryQMWpIdGgYR4TrjT1,https://api.spotify.com/v1/audio-analysis/4VXIryQMWpIdGgYR4TrjT1,165820,4
127,Happier,Marshmello,798084,https://open.spotify.com/track/2dpaYNEQHiRxtZbfNsse99,2dpaYNEQHiRxtZbfNsse99,0.687,0.792,5,-2.749,1,0.0452,0.191,0,0.167,0.671,100.015,audio_features,2dpaYNEQHiRxtZbfNsse99,spotify:track:2dpaYNEQHiRxtZbfNsse99,https://api.spotify.com/v1/tracks/2dpaYNEQHiRxtZbfNsse99,https://api.spotify.com/v1/audio-analysis/2dpaYNEQHiRxtZbfNsse99,214290,4
128,Say You Won't Let Go,James Arthur,794111,https://open.spotify.com/track/5uCax9HTNlzGybIStD3vDh,5uCax9HTNlzGybIStD3vDh,0.358,0.557,10,-7.398,1,0.059,0.695,0,0.0902,0.494,85.043,audio_features,5uCax9HTNlzGybIStD3vDh,spotify:track:5uCax9HTNlzGybIStD3vDh,https://api.spotify.com/v1/tracks/5uCax9HTNlzGybIStD3vDh,https://api.spotify.com/v1/audio-analysis/5uCax9HTNlzGybIStD3vDh,211467,4
129,This City,Sam Fischer,792792,https://open.spotify.com/track/3H3r2nKWa3Yk5gt8xgmsEt,3H3r2nKWa3Yk5gt8xgmsEt,0.602,0.377,11,-6.213,1,0.0446,0.731,0,0.0808,0.518,73.877,audio_features,3H3r2nKWa3Yk5gt8xgmsEt,spotify:track:3H3r2nKWa3Yk5gt8xgmsEt,https://api.spotify.com/v1/tracks/3H3r2nKWa3Yk5gt8xgmsEt,https://api.spotify.com/v1/audio-analysis/3H3r2nKWa3Yk5gt8xgmsEt,194853,4
130,La Difícil,Bad Bunny,792639,https://open.spotify.com/track/6NfrH0ANGmgBXyxgV2PeXt,6NfrH0ANGmgBXyxgV2PeXt,0.685,0.848,8,-4.561,0,0.0858,0.0861,7.14e-06,0.0783,0.761,179.87,audio_features,6NfrH0ANGmgBXyxgV2PeXt,spotify:track:6NfrH0ANGmgBXyxgV2PeXt,https://api.spotify.com/v1/tracks/6NfrH0ANGmgBXyxgV2PeXt,https://api.spotify.com/v1/audio-analysis/6NfrH0ANGmgBXyxgV2PeXt,163084,4
131,Aim For The Moon (feat. Quavo),Pop Smoke,788177,https://open.spotify.com/track/6O7fPYTsb2mY0PiFt2ymDB,6O7fPYTsb2mY0PiFt2ymDB,0.713,0.605,11,-7.487,1,0.107,0.497,3.46e-06,0.115,0.432,142.025,audio_features,6O7fPYTsb2mY0PiFt2ymDB,spotify:track:6O7fPYTsb2mY0PiFt2ymDB,https://api.spotify.com/v1/tracks/6O7fPYTsb2mY0PiFt2ymDB,https://api.spotify.com/v1/audio-analysis/6O7fPYTsb2mY0PiFt2ymDB,175756,4
132,El Efecto,Rauw Alejandro,786998,https://open.spotify.com/track/4SJHHpKhcuXwDsCsPqshXj,4SJHHpKhcuXwDsCsPqshXj,0.849,0.781,0,-4.635,0,0.159,0.406,0,0.0801,0.893,84.041,audio_features,4SJHHpKhcuXwDsCsPqshXj,spotify:track:4SJHHpKhcuXwDsCsPqshXj,https://api.spotify.com/v1/tracks/4SJHHpKhcuXwDsCsPqshXj,https://api.spotify.com/v1/audio-analysis/4SJHHpKhcuXwDsCsPqshXj,217143,4
133,Perfect,Ed Sheeran,784786,https://open.spotify.com/track/0tgVpDi06FyKpA1z0VMD4v,0tgVpDi06FyKpA1z0VMD4v,0.599,0.448,8,-6.312,1,0.0232,0.163,0,0.106,0.168,95.05,audio_features,0tgVpDi06FyKpA1z0VMD4v,spotify:track:0tgVpDi06FyKpA1z0VMD4v,https://api.spotify.com/v1/tracks/0tgVpDi06FyKpA1z0VMD4v,https://api.spotify.com/v1/audio-analysis/0tgVpDi06FyKpA1z0VMD4v,263400,3
134,Mariposa,Peach Tree Rascals,782725,https://open.spotify.com/track/4ja2gzrNh9VNigzoXfmbwD,4ja2gzrNh9VNigzoXfmbwD,0.676,0.525,9,-5.88,1,0.028,0.617,0,0.356,0.421,112.011,audio_features,4ja2gzrNh9VNigzoXfmbwD,spotify:track:4ja2gzrNh9VNigzoXfmbwD,https://api.spotify.com/v1/tracks/4ja2gzrNh9VNigzoXfmbwD,https://api.spotify.com/v1/audio-analysis/4ja2gzrNh9VNigzoXfmbwD,210000,4
135,Bohemian Rhapsody - 2011 Mix,Queen,779966,https://open.spotify.com/track/4u7EnebtmKWzUH433cf5Qv,4u7EnebtmKWzUH433cf5Qv,0.414,0.404,0,-9.928,0,0.0499,0.271,0,0.3,0.224,71.105,audio_features,4u7EnebtmKWzUH433cf5Qv,spotify:track:4u7EnebtmKWzUH433cf5Qv,https://api.spotify.com/v1/tracks/4u7EnebtmKWzUH433cf5Qv,https://api.spotify.com/v1/audio-analysis/4u7EnebtmKWzUH433cf5Qv,354320,4
136,PAM,Justin Quiles,776745,https://open.spotify.com/track/0eeKDrQxjqNl5bX5VCHDcn,0eeKDrQxjqNl5bX5VCHDcn,0.889,0.863,11,-3.011,1,0.0757,0.289,0.000603,0.0798,0.776,112.953,audio_features,0eeKDrQxjqNl5bX5VCHDcn,spotify:track:0eeKDrQxjqNl5bX5VCHDcn,https://api.spotify.com/v1/tracks/0eeKDrQxjqNl5bX5VCHDcn,https://api.spotify.com/v1/audio-analysis/0eeKDrQxjqNl5bX5VCHDcn,201000,4
137,Past Life (with Selena Gomez),Trevor Daniel,776595,https://open.spotify.com/track/4P6IttK2PRBjyr3fm0pP7t,4P6IttK2PRBjyr3fm0pP7t,0.612,0.539,3,-5.071,1,0.0488,0.104,0,0.18,0.294,79.948,audio_features,4P6IttK2PRBjyr3fm0pP7t,spotify:track:4P6IttK2PRBjyr3fm0pP7t,https://api.spotify.com/v1/tracks/4P6IttK2PRBjyr3fm0pP7t,https://api.spotify.com/v1/audio-analysis/4P6IttK2PRBjyr3fm0pP7t,186480,4
138,Ballin' (with Roddy Ricch),Mustard,773700,https://open.spotify.com/track/3QzAOrNlsabgbMwlZt7TAY,3QzAOrNlsabgbMwlZt7TAY,0.809,0.545,7,-6.678,1,0.0735,0.392,0,0.151,0.244,97.008,audio_features,3QzAOrNlsabgbMwlZt7TAY,spotify:track:3QzAOrNlsabgbMwlZt7TAY,https://api.spotify.com/v1/tracks/3QzAOrNlsabgbMwlZt7TAY,https://api.spotify.com/v1/audio-analysis/3QzAOrNlsabgbMwlZt7TAY,180435,4
139,Savage,Megan Thee Stallion,770737,https://open.spotify.com/track/55CHeLEfn5iJ0IIkgaa4si,55CHeLEfn5iJ0IIkgaa4si,0.843,0.741,11,-5.609,1,0.334,0.0252,0,0.096,0.68,168.983,audio_features,55CHeLEfn5iJ0IIkgaa4si,spotify:track:55CHeLEfn5iJ0IIkgaa4si,https://api.spotify.com/v1/tracks/55CHeLEfn5iJ0IIkgaa4si,https://api.spotify.com/v1/audio-analysis/55CHeLEfn5iJ0IIkgaa4si,155497,4
140,Bandit (with YoungBoy Never Broke Again),Juice WRLD,769262,https://open.spotify.com/track/6Gg1gjgKi2AK4e0qzsR7sd,6Gg1gjgKi2AK4e0qzsR7sd,0.474,0.631,5,-5.884,0,0.343,0.0687,0,0.132,0.425,180.051,audio_features,6Gg1gjgKi2AK4e0qzsR7sd,spotify:track:6Gg1gjgKi2AK4e0qzsR7sd,https://api.spotify.com/v1/tracks/6Gg1gjgKi2AK4e0qzsR7sd,https://api.spotify.com/v1/audio-analysis/6Gg1gjgKi2AK4e0qzsR7sd,189323,4
141,44 BullDog,Pop Smoke,768434,https://open.spotify.com/track/7sjFIZ1g5QLJLGja3k592K,7sjFIZ1g5QLJLGja3k592K,0.8,0.564,8,-5.817,1,0.4,0.0287,1.65e-06,0.112,0.318,139.989,audio_features,7sjFIZ1g5QLJLGja3k592K,spotify:track:7sjFIZ1g5QLJLGja3k592K,https://api.spotify.com/v1/tracks/7sjFIZ1g5QLJLGja3k592K,https://api.spotify.com/v1/audio-analysis/7sjFIZ1g5QLJLGja3k592K,150857,4
142,Deep End Freestyle,Sleepy Hallow,765296,https://open.spotify.com/track/2AlYncTpVHKwHb55F9lF6O,2AlYncTpVHKwHb55F9lF6O,0.868,0.479,4,-6.687,0,0.445,0.703,0,0.102,0.776,133.928,audio_features,2AlYncTpVHKwHb55F9lF6O,spotify:track:2AlYncTpVHKwHb55F9lF6O,https://api.spotify.com/v1/tracks/2AlYncTpVHKwHb55F9lF6O,https://api.spotify.com/v1/audio-analysis/2AlYncTpVHKwHb55F9lF6O,115200,4
143,OUT WEST (feat. Young Thug),JACKBOYS,760034,https://open.spotify.com/track/6gi6y1xwmVszDWkUqab1qw,6gi6y1xwmVszDWkUqab1qw,0.802,0.591,8,-4.895,1,0.225,0.0104,0,0.196,0.309,139.864,audio_features,6gi6y1xwmVszDWkUqab1qw,spotify:track:6gi6y1xwmVszDWkUqab1qw,https://api.spotify.com/v1/tracks/6gi6y1xwmVszDWkUqab1qw,https://api.spotify.com/v1/audio-analysis/6gi6y1xwmVszDWkUqab1qw,157712,4
144,Reggaetonera,Anuel AA,757357,https://open.spotify.com/track/6yVkakCN460KOVol9ZazjH,6yVkakCN460KOVol9ZazjH,0.694,0.796,6,-4.164,1,0.0565,0.48,0.000384,0.108,0.515,93.064,audio_features,6yVkakCN460KOVol9ZazjH,spotify:track:6yVkakCN460KOVol9ZazjH,https://api.spotify.com/v1/tracks/6yVkakCN460KOVol9ZazjH,https://api.spotify.com/v1/audio-analysis/6yVkakCN460KOVol9ZazjH,212312,4
145,21,Polo G,751610,https://open.spotify.com/track/3JKgcAa7r07ocVWcV8bS0H,3JKgcAa7r07ocVWcV8bS0H,0.783,0.479,7,-10.646,1,0.541,0.149,0,0.101,0.533,176.027,audio_features,3JKgcAa7r07ocVWcV8bS0H,spotify:track:3JKgcAa7r07ocVWcV8bS0H,https://api.spotify.com/v1/tracks/3JKgcAa7r07ocVWcV8bS0H,https://api.spotify.com/v1/audio-analysis/3JKgcAa7r07ocVWcV8bS0H,163798,4
146,Morado,J Balvin,750350,https://open.spotify.com/track/35KmOEIUqAGn02t7n4qaIr,35KmOEIUqAGn02t7n4qaIr,0.885,0.68,11,-3.837,0,0.0848,0.131,1.77e-05,0.0875,0.78,97.003,audio_features,35KmOEIUqAGn02t7n4qaIr,spotify:track:35KmOEIUqAGn02t7n4qaIr,https://api.spotify.com/v1/tracks/35KmOEIUqAGn02t7n4qaIr,https://api.spotify.com/v1/audio-analysis/35KmOEIUqAGn02t7n4qaIr,200267,4
147,YAYA,6ix9ine,746544,https://open.spotify.com/track/6EfBMJQwe2xLgldra6DaYp,6EfBMJQwe2xLgldra6DaYp,0.672,0.733,11,-5.377,1,0.0566,0.00289,0,0.199,0.354,105.043,audio_features,6EfBMJQwe2xLgldra6DaYp,spotify:track:6EfBMJQwe2xLgldra6DaYp,https://api.spotify.com/v1/tracks/6EfBMJQwe2xLgldra6DaYp,https://api.spotify.com/v1/audio-analysis/6EfBMJQwe2xLgldra6DaYp,149857,4
148,Without Me,Halsey,741122,https://open.spotify.com/track/6FZDfxM3a3UCqtzo5pxSLZ,6FZDfxM3a3UCqtzo5pxSLZ,0.752,0.488,6,-7.05,1,0.0705,0.297,9.11e-06,0.0936,0.533,136.041,audio_features,6FZDfxM3a3UCqtzo5pxSLZ,spotify:track:6FZDfxM3a3UCqtzo5pxSLZ,https://api.spotify.com/v1/tracks/6FZDfxM3a3UCqtzo5pxSLZ,https://api.spotify.com/v1/audio-analysis/6FZDfxM3a3UCqtzo5pxSLZ,201661,4
149,Ransom,Lil Tecca,731941,https://open.spotify.com/track/1lOe9qE0vR9zwWQAOk6CoO,1lOe9qE0vR9zwWQAOk6CoO,0.745,0.642,7,-6.257,0,0.287,0.0204,0,0.0658,0.226,179.974,audio_features,1lOe9qE0vR9zwWQAOk6CoO,spotify:track:1lOe9qE0vR9zwWQAOk6CoO,https://api.spotify.com/v1/tracks/1lOe9qE0vR9zwWQAOk6CoO,https://api.spotify.com/v1/audio-analysis/1lOe9qE0vR9zwWQAOk6CoO,131240,4
150,Ignorantes,Bad Bunny,728674,https://open.spotify.com/track/38RIEav39FGi86jppxO0du,38RIEav39FGi86jppxO0du,0.85,0.536,1,-5.161,1,0.0599,0.267,3.89e-05,0.0996,0.505,96.029,audio_features,38RIEav39FGi86jppxO0du,spotify:track:38RIEav39FGi86jppxO0du,https://api.spotify.com/v1/tracks/38RIEav39FGi86jppxO0du,https://api.spotify.com/v1/audio-analysis/38RIEav39FGi86jppxO0du,210607,4
151,Diosa,Myke Towers,702965,https://open.spotify.com/track/3JHpk0DOTOzyh0777JFAky,3JHpk0DOTOzyh0777JFAky,0.801,0.745,6,-3.733,0,0.063,0.398,0.00603,0.153,0.245,104.965,audio_features,3JHpk0DOTOzyh0777JFAky,spotify:track:3JHpk0DOTOzyh0777JFAky,https://api.spotify.com/v1/tracks/3JHpk0DOTOzyh0777JFAky,https://api.spotify.com/v1/audio-analysis/3JHpk0DOTOzyh0777JFAky,214013,4
152,High Fashion (feat. Mustard),Roddy Ricch,702305,https://open.spotify.com/track/07KXEDMj78x68D884wgVEm,07KXEDMj78x68D884wgVEm,0.831,0.499,11,-8.442,0,0.114,0.269,0,0.3,0.511,97.956,audio_features,07KXEDMj78x68D884wgVEm,spotify:track:07KXEDMj78x68D884wgVEm,https://api.spotify.com/v1/tracks/07KXEDMj78x68D884wgVEm,https://api.spotify.com/v1/audio-analysis/07KXEDMj78x68D884wgVEm,220487,4
153,Jangueo,Alex Rose,701474,https://open.spotify.com/track/5m3jpKkgkfoMcym1qjToFg,5m3jpKkgkfoMcym1qjToFg,0.851,0.688,11,-4.038,1,0.0565,0.238,1.93e-05,0.105,0.732,103.982,audio_features,5m3jpKkgkfoMcym1qjToFg,spotify:track:5m3jpKkgkfoMcym1qjToFg,https://api.spotify.com/v1/tracks/5m3jpKkgkfoMcym1qjToFg,https://api.spotify.com/v1/audio-analysis/5m3jpKkgkfoMcym1qjToFg,259600,4
154,China,Anuel AA,701063,https://open.spotify.com/track/0KkIkfsLEJbrcIhYsCL7L5,0KkIkfsLEJbrcIhYsCL7L5,0.786,0.808,7,-3.702,1,0.0881,0.0846,0.000289,0.0822,0.608,105.029,audio_features,0KkIkfsLEJbrcIhYsCL7L5,spotify:track:0KkIkfsLEJbrcIhYsCL7L5,https://api.spotify.com/v1/tracks/0KkIkfsLEJbrcIhYsCL7L5,https://api.spotify.com/v1/audio-analysis/0KkIkfsLEJbrcIhYsCL7L5,301714,4
155,All of Me,John Legend,700350,https://open.spotify.com/track/3U4isOIWM3VvDubwSI3y7a,3U4isOIWM3VvDubwSI3y7a,0.422,0.264,8,-7.064,1,0.0322,0.922,0,0.132,0.331,119.93,audio_features,3U4isOIWM3VvDubwSI3y7a,spotify:track:3U4isOIWM3VvDubwSI3y7a,https://api.spotify.com/v1/tracks/3U4isOIWM3VvDubwSI3y7a,https://api.spotify.com/v1/audio-analysis/3U4isOIWM3VvDubwSI3y7a,269560,4
156,Yummy,Justin Bieber,698228,https://open.spotify.com/track/16wAOAZ2OkqoIDN7TpChjR,16wAOAZ2OkqoIDN7TpChjR,0.676,0.506,9,-6.652,0,0.0958,0.345,0,0.118,0.497,145.842,audio_features,16wAOAZ2OkqoIDN7TpChjR,spotify:track:16wAOAZ2OkqoIDN7TpChjR,https://api.spotify.com/v1/tracks/16wAOAZ2OkqoIDN7TpChjR,https://api.spotify.com/v1/audio-analysis/16wAOAZ2OkqoIDN7TpChjR,208520,4
157,Moonlight,XXXTENTACION,690211,https://open.spotify.com/track/0JP9xo3adEtGSdUEISiszL,0JP9xo3adEtGSdUEISiszL,0.921,0.537,9,-5.723,0,0.0804,0.556,0.00404,0.102,0.711,128.009,audio_features,0JP9xo3adEtGSdUEISiszL,spotify:track:0JP9xo3adEtGSdUEISiszL,https://api.spotify.com/v1/tracks/0JP9xo3adEtGSdUEISiszL,https://api.spotify.com/v1/audio-analysis/0JP9xo3adEtGSdUEISiszL,135090,4
158,Bruises,Lewis Capaldi,687869,https://open.spotify.com/track/4Of7rzpRpV1mWRbhp5rAqG,4Of7rzpRpV1mWRbhp5rAqG,0.736,0.308,4,-7.83,1,0.0677,0.946,0,0.186,0.361,111.202,audio_features,4Of7rzpRpV1mWRbhp5rAqG,spotify:track:4Of7rzpRpV1mWRbhp5rAqG,https://api.spotify.com/v1/tracks/4Of7rzpRpV1mWRbhp5rAqG,https://api.spotify.com/v1/audio-analysis/4Of7rzpRpV1mWRbhp5rAqG,220492,4
159,Enjoy Yourself (feat. Karol G),Pop Smoke,686880,https://open.spotify.com/track/3NWrHCwvyII4fTx05PN3IO,3NWrHCwvyII4fTx05PN3IO,0.764,0.676,11,-6.761,0,0.0927,0.389,0,0.215,0.461,97.02,audio_features,3NWrHCwvyII4fTx05PN3IO,spotify:track:3NWrHCwvyII4fTx05PN3IO,https://api.spotify.com/v1/tracks/3NWrHCwvyII4fTx05PN3IO,https://api.spotify.com/v1/audio-analysis/3NWrHCwvyII4fTx05PN3IO,197938,4
160,Youngblood,5 Seconds of Summer,686050,https://open.spotify.com/track/2iUXsYOEPhVqEBwsqP70rE,2iUXsYOEPhVqEBwsqP70rE,0.596,0.854,7,-5.114,0,0.463,0.0169,0,0.124,0.152,120.274,audio_features,2iUXsYOEPhVqEBwsqP70rE,spotify:track:2iUXsYOEPhVqEBwsqP70rE,https://api.spotify.com/v1/tracks/2iUXsYOEPhVqEBwsqP70rE,https://api.spotify.com/v1/audio-analysis/2iUXsYOEPhVqEBwsqP70rE,203418,4
161,"10,000 Hours (with Justin Bieber)",Dan + Shay,678022,https://open.spotify.com/track/2wrJq5XKLnmhRXHIAf9xBa,2wrJq5XKLnmhRXHIAf9xBa,0.654,0.63,10,-4.644,1,0.0259,0.153,0,0.111,0.43,89.991,audio_features,2wrJq5XKLnmhRXHIAf9xBa,spotify:track:2wrJq5XKLnmhRXHIAf9xBa,https://api.spotify.com/v1/tracks/2wrJq5XKLnmhRXHIAf9xBa,https://api.spotify.com/v1/audio-analysis/2wrJq5XKLnmhRXHIAf9xBa,167693,4
162,Old Town Road - Remix,Lil Nas X,677094,https://open.spotify.com/track/2YpeDb67231RjR0MgVLzsG,2YpeDb67231RjR0MgVLzsG,0.878,0.619,6,-5.56,1,0.102,0.0533,0,0.113,0.639,136.041,audio_features,2YpeDb67231RjR0MgVLzsG,spotify:track:2YpeDb67231RjR0MgVLzsG,https://api.spotify.com/v1/tracks/2YpeDb67231RjR0MgVLzsG,https://api.spotify.com/v1/audio-analysis/2YpeDb67231RjR0MgVLzsG,157067,4
163,Riptide,Vance Joy,676777,https://open.spotify.com/track/7yq4Qj7cqayVTp3FF9CWbm,7yq4Qj7cqayVTp3FF9CWbm,0.484,0.731,1,-6.694,1,0.0379,0.431,0,0.151,0.51,101.654,audio_features,7yq4Qj7cqayVTp3FF9CWbm,spotify:track:7yq4Qj7cqayVTp3FF9CWbm,https://api.spotify.com/v1/tracks/7yq4Qj7cqayVTp3FF9CWbm,https://api.spotify.com/v1/audio-analysis/7yq4Qj7cqayVTp3FF9CWbm,204280,4
164,The Less I Know The Better,Tame Impala,676280,https://open.spotify.com/track/6K4t31amVTZDgR3sKmwUJJ,6K4t31amVTZDgR3sKmwUJJ,0.64,0.74,4,-4.083,1,0.0284,0.0115,0.00678,0.167,0.785,116.879,audio_features,6K4t31amVTZDgR3sKmwUJJ,spotify:track:6K4t31amVTZDgR3sKmwUJJ,https://api.spotify.com/v1/tracks/6K4t31amVTZDgR3sKmwUJJ,https://api.spotify.com/v1/audio-analysis/6K4t31amVTZDgR3sKmwUJJ,216320,4
165,Something Just Like This,The Chainsmokers,675894,https://open.spotify.com/track/6RUKPb4LETWmmr3iAEQktW,6RUKPb4LETWmmr3iAEQktW,0.617,0.635,11,-6.769,0,0.0317,0.0498,1.44e-05,0.164,0.446,103.019,audio_features,6RUKPb4LETWmmr3iAEQktW,spotify:track:6RUKPb4LETWmmr3iAEQktW,https://api.spotify.com/v1/tracks/6RUKPb4LETWmmr3iAEQktW,https://api.spotify.com/v1/audio-analysis/6RUKPb4LETWmmr3iAEQktW,247160,4
166,Goodbyes (feat. Young Thug),Post Malone,675769,https://open.spotify.com/track/0t3ZvGKlmYmVsDzBJAXK8C,0t3ZvGKlmYmVsDzBJAXK8C,0.548,0.653,5,-3.875,1,0.081,0.456,0,0.103,0.163,150.068,audio_features,0t3ZvGKlmYmVsDzBJAXK8C,spotify:track:0t3ZvGKlmYmVsDzBJAXK8C,https://api.spotify.com/v1/tracks/0t3ZvGKlmYmVsDzBJAXK8C,https://api.spotify.com/v1/audio-analysis/0t3ZvGKlmYmVsDzBJAXK8C,174853,4
167,Prospect (ft. Lil Baby),iann dior,674968,https://open.spotify.com/track/4iHSE5R1U8jf84tRn52xRt,4iHSE5R1U8jf84tRn52xRt,0.816,0.579,1,-6.097,1,0.0867,0.203,0,0.127,0.43,120.078,audio_features,4iHSE5R1U8jf84tRn52xRt,spotify:track:4iHSE5R1U8jf84tRn52xRt,https://api.spotify.com/v1/tracks/4iHSE5R1U8jf84tRn52xRt,https://api.spotify.com/v1/audio-analysis/4iHSE5R1U8jf84tRn52xRt,226314,4
168,Like That (feat. Gucci Mane),Doja Cat,674520,https://open.spotify.com/track/4EivmOT13NMpNSfTKn9p4s,4EivmOT13NMpNSfTKn9p4s,0.879,0.499,4,-6.027,0,0.18,0.24,0,0.0967,0.405,106.043,audio_features,4EivmOT13NMpNSfTKn9p4s,spotify:track:4EivmOT13NMpNSfTKn9p4s,https://api.spotify.com/v1/tracks/4EivmOT13NMpNSfTKn9p4s,https://api.spotify.com/v1/audio-analysis/4EivmOT13NMpNSfTKn9p4s,163173,4
169,BOP,DaBaby,673698,https://open.spotify.com/track/6Ozh9Ok6h4Oi1wUSLtBseN,6Ozh9Ok6h4Oi1wUSLtBseN,0.769,0.787,11,-3.909,1,0.367,0.189,0,0.129,0.836,126.77,audio_features,6Ozh9Ok6h4Oi1wUSLtBseN,spotify:track:6Ozh9Ok6h4Oi1wUSLtBseN,https://api.spotify.com/v1/tracks/6Ozh9Ok6h4Oi1wUSLtBseN,https://api.spotify.com/v1/audio-analysis/6Ozh9Ok6h4Oi1wUSLtBseN,159715,4
170,What You Know Bout Love,Pop Smoke,673233,https://open.spotify.com/track/1tkg4EHVoqnhR6iFEXb60y,1tkg4EHVoqnhR6iFEXb60y,0.709,0.548,10,-8.493,1,0.353,0.65,1.59e-06,0.133,0.543,83.995,audio_features,1tkg4EHVoqnhR6iFEXb60y,spotify:track:1tkg4EHVoqnhR6iFEXb60y,https://api.spotify.com/v1/tracks/1tkg4EHVoqnhR6iFEXb60y,https://api.spotify.com/v1/audio-analysis/1tkg4EHVoqnhR6iFEXb60y,160000,4
171,It's You,Ali Gatie,670947,https://open.spotify.com/track/5DqdesEfbRyOlSS3Tf6c29,5DqdesEfbRyOlSS3Tf6c29,0.732,0.463,11,-6.972,0,0.0287,0.374,0,0.194,0.397,95.971,audio_features,5DqdesEfbRyOlSS3Tf6c29,spotify:track:5DqdesEfbRyOlSS3Tf6c29,https://api.spotify.com/v1/tracks/5DqdesEfbRyOlSS3Tf6c29,https://api.spotify.com/v1/audio-analysis/5DqdesEfbRyOlSS3Tf6c29,212607,4
172,Creature (feat. Swae Lee),Pop Smoke,669363,https://open.spotify.com/track/3eV2WT9YhfzkxbufnBF8wK,3eV2WT9YhfzkxbufnBF8wK,0.794,0.717,7,-5.73,1,0.251,0.0511,0,0.195,0.372,141.881,audio_features,3eV2WT9YhfzkxbufnBF8wK,spotify:track:3eV2WT9YhfzkxbufnBF8wK,https://api.spotify.com/v1/tracks/3eV2WT9YhfzkxbufnBF8wK,https://api.spotify.com/v1/audio-analysis/3eV2WT9YhfzkxbufnBF8wK,202816,4
173,Sweet but Psycho,Ava Max,668746,https://open.spotify.com/track/25sgk305KZfyuqVBQIahim,25sgk305KZfyuqVBQIahim,0.719,0.704,1,-4.724,1,0.0476,0.0691,0,0.166,0.628,133.002,audio_features,25sgk305KZfyuqVBQIahim,spotify:track:25sgk305KZfyuqVBQIahim,https://api.spotify.com/v1/tracks/25sgk305KZfyuqVBQIahim,https://api.spotify.com/v1/audio-analysis/25sgk305KZfyuqVBQIahim,187436,4
174,Get You The Moon (feat. Snøw),Kina,668054,https://open.spotify.com/track/4ZLzoOkj0MPWrTLvooIuaa,4ZLzoOkj0MPWrTLvooIuaa,0.498,0.235,1,-16.541,0,0.188,0.72,0,0.144,0.0895,118.917,audio_features,4ZLzoOkj0MPWrTLvooIuaa,spotify:track:4ZLzoOkj0MPWrTLvooIuaa,https://api.spotify.com/v1/tracks/4ZLzoOkj0MPWrTLvooIuaa,https://api.spotify.com/v1/audio-analysis/4ZLzoOkj0MPWrTLvooIuaa,179080,4
175,Lalala,Y2K,663522,https://open.spotify.com/track/51Fjme0JiitpyXKuyQiCDo,51Fjme0JiitpyXKuyQiCDo,0.843,0.391,2,-7.899,1,0.0845,0.181,0,0.137,0.496,129.972,audio_features,51Fjme0JiitpyXKuyQiCDo,spotify:track:51Fjme0JiitpyXKuyQiCDo,https://api.spotify.com/v1/tracks/51Fjme0JiitpyXKuyQiCDo,https://api.spotify.com/v1/audio-analysis/51Fjme0JiitpyXKuyQiCDo,160627,4
176,Wow.,Post Malone,660111,https://open.spotify.com/track/7xQAfvXzm3AkraOtGPWIZg,7xQAfvXzm3AkraOtGPWIZg,0.829,0.539,11,-7.359,0,0.208,0.136,1.78e-06,0.103,0.388,99.96,audio_features,7xQAfvXzm3AkraOtGPWIZg,spotify:track:7xQAfvXzm3AkraOtGPWIZg,https://api.spotify.com/v1/tracks/7xQAfvXzm3AkraOtGPWIZg,https://api.spotify.com/v1/audio-analysis/7xQAfvXzm3AkraOtGPWIZg,149547,4
177,Be Alright,Dean Lewis,656918,https://open.spotify.com/track/5qrSlOut2rNAWv3ubArkNy,5qrSlOut2rNAWv3ubArkNy,0.551,0.537,11,-7.595,1,0.034,0.705,0,0.0802,0.493,126.421,audio_features,5qrSlOut2rNAWv3ubArkNy,spotify:track:5qrSlOut2rNAWv3ubArkNy,https://api.spotify.com/v1/tracks/5qrSlOut2rNAWv3ubArkNy,https://api.spotify.com/v1/audio-analysis/5qrSlOut2rNAWv3ubArkNy,196493,4
178,Si Veo a Tu Mamá,Bad Bunny,655120,https://open.spotify.com/track/41wtwzCZkXwpnakmwJ239F,41wtwzCZkXwpnakmwJ239F,0.9,0.603,2,-5.313,1,0.0646,0.402,4.81e-06,0.134,0.824,129.928,audio_features,41wtwzCZkXwpnakmwJ239F,spotify:track:41wtwzCZkXwpnakmwJ239F,https://api.spotify.com/v1/tracks/41wtwzCZkXwpnakmwJ239F,https://api.spotify.com/v1/audio-analysis/41wtwzCZkXwpnakmwJ239F,170972,4
179,Hola - Remix,Dalex,652830,https://open.spotify.com/track/5stPVcRqb4qixbafP9e8lt,5stPVcRqb4qixbafP9e8lt,0.654,0.672,0,-5.98,0,0.311,0.471,0,0.0781,0.343,181.857,audio_features,5stPVcRqb4qixbafP9e8lt,spotify:track:5stPVcRqb4qixbafP9e8lt,https://api.spotify.com/v1/tracks/5stPVcRqb4qixbafP9e8lt,https://api.spotify.com/v1/audio-analysis/5stPVcRqb4qixbafP9e8lt,249520,4
180,Como Llora,Juanfran,652249,https://open.spotify.com/track/52zq2a71SGs3f1vJuv59ui,52zq2a71SGs3f1vJuv59ui,0.827,0.629,6,-3.966,0,0.185,0.183,0,0.084,0.486,88.064,audio_features,52zq2a71SGs3f1vJuv59ui,spotify:track:52zq2a71SGs3f1vJuv59ui,https://api.spotify.com/v1/tracks/52zq2a71SGs3f1vJuv59ui,https://api.spotify.com/v1/audio-analysis/52zq2a71SGs3f1vJuv59ui,187500,4
181,Closer,The Chainsmokers,651804,https://open.spotify.com/track/7BKLCZ1jbUBVqRi2FVlTVw,7BKLCZ1jbUBVqRi2FVlTVw,0.748,0.524,8,-5.599,1,0.0338,0.414,0,0.111,0.661,95.01,audio_features,7BKLCZ1jbUBVqRi2FVlTVw,spotify:track:7BKLCZ1jbUBVqRi2FVlTVw,https://api.spotify.com/v1/tracks/7BKLCZ1jbUBVqRi2FVlTVw,https://api.spotify.com/v1/audio-analysis/7BKLCZ1jbUBVqRi2FVlTVw,244960,4
182,Higher Love,Kygo,651587,https://open.spotify.com/track/1kKYjjfNYxE0YYgLa7vgVY,1kKYjjfNYxE0YYgLa7vgVY,0.693,0.678,8,-7.159,1,0.0324,0.0151,5.71e-06,0.101,0.404,103.952,audio_features,1kKYjjfNYxE0YYgLa7vgVY,spotify:track:1kKYjjfNYxE0YYgLa7vgVY,https://api.spotify.com/v1/tracks/1kKYjjfNYxE0YYgLa7vgVY,https://api.spotify.com/v1/audio-analysis/1kKYjjfNYxE0YYgLa7vgVY,228267,4
183,LA CANCIÓN,J Balvin,651071,https://open.spotify.com/track/0fea68AdmYNygeTGI4RC18,0fea68AdmYNygeTGI4RC18,0.754,0.646,7,-5.795,1,0.317,0.152,1.85e-05,0.108,0.429,176.089,audio_features,0fea68AdmYNygeTGI4RC18,spotify:track:0fea68AdmYNygeTGI4RC18,https://api.spotify.com/v1/tracks/0fea68AdmYNygeTGI4RC18,https://api.spotify.com/v1/audio-analysis/0fea68AdmYNygeTGI4RC18,242573,4
184,I'm Yours,Jason Mraz,648761,https://open.spotify.com/track/3S0OXQeoh0w6AY8WQVckRW,3S0OXQeoh0w6AY8WQVckRW,0.686,0.457,11,-8.322,1,0.0468,0.595,0,0.105,0.718,150.953,audio_features,3S0OXQeoh0w6AY8WQVckRW,spotify:track:3S0OXQeoh0w6AY8WQVckRW,https://api.spotify.com/v1/tracks/3S0OXQeoh0w6AY8WQVckRW,https://api.spotify.com/v1/audio-analysis/3S0OXQeoh0w6AY8WQVckRW,242187,4
185,No Me Conoce - Remix,Jhay Cortez,645697,https://open.spotify.com/track/4R8BJggjosTswLxtkw8V7P,4R8BJggjosTswLxtkw8V7P,0.806,0.786,10,-3.831,0,0.0741,0.145,0,0.0935,0.58,91.973,audio_features,4R8BJggjosTswLxtkw8V7P,spotify:track:4R8BJggjosTswLxtkw8V7P,https://api.spotify.com/v1/tracks/4R8BJggjosTswLxtkw8V7P,https://api.spotify.com/v1/audio-analysis/4R8BJggjosTswLxtkw8V7P,309120,4
186,Let Her Go,Passenger,645097,https://open.spotify.com/track/2jyjhRf6DVbMPU5zxagN2h,2jyjhRf6DVbMPU5zxagN2h,0.509,0.538,7,-7.335,1,0.0572,0.385,0,0.104,0.244,75.089,audio_features,2jyjhRf6DVbMPU5zxagN2h,spotify:track:2jyjhRf6DVbMPU5zxagN2h,https://api.spotify.com/v1/tracks/2jyjhRf6DVbMPU5zxagN2h,https://api.spotify.com/v1/audio-analysis/2jyjhRf6DVbMPU5zxagN2h,252867,4
187,I Like Me Better,Lauv,645022,https://open.spotify.com/track/2P91MQbaiQOfbiz9VqhqKQ,2P91MQbaiQOfbiz9VqhqKQ,0.752,0.505,9,-7.621,1,0.253,0.535,2.55e-06,0.104,0.419,91.97,audio_features,2P91MQbaiQOfbiz9VqhqKQ,spotify:track:2P91MQbaiQOfbiz9VqhqKQ,https://api.spotify.com/v1/tracks/2P91MQbaiQOfbiz9VqhqKQ,https://api.spotify.com/v1/audio-analysis/2P91MQbaiQOfbiz9VqhqKQ,197437,4
188,Wait a Minute!,WILLOW,643557,https://open.spotify.com/track/0y60itmpH0aPKsFiGxmtnh,0y60itmpH0aPKsFiGxmtnh,0.764,0.705,3,-5.279,0,0.0278,0.0371,1.94e-05,0.0943,0.672,101.003,audio_features,0y60itmpH0aPKsFiGxmtnh,spotify:track:0y60itmpH0aPKsFiGxmtnh,https://api.spotify.com/v1/tracks/0y60itmpH0aPKsFiGxmtnh,https://api.spotify.com/v1/audio-analysis/0y60itmpH0aPKsFiGxmtnh,196520,4
189,"thank u, next",Ariana Grande,642581,https://open.spotify.com/track/3e9HZxeyfWwjeyPAMmWSSQ,3e9HZxeyfWwjeyPAMmWSSQ,0.717,0.653,1,-5.634,1,0.0658,0.229,0,0.101,0.412,106.966,audio_features,3e9HZxeyfWwjeyPAMmWSSQ,spotify:track:3e9HZxeyfWwjeyPAMmWSSQ,https://api.spotify.com/v1/tracks/3e9HZxeyfWwjeyPAMmWSSQ,https://api.spotify.com/v1/audio-analysis/3e9HZxeyfWwjeyPAMmWSSQ,207320,4
190,Yea Yea,Pop Smoke,641643,https://open.spotify.com/track/0bjgQ24UZGwKikldIyEOgf,0bjgQ24UZGwKikldIyEOgf,0.717,0.474,5,-8.383,0,0.403,0.0509,0,0.139,0.448,123.906,audio_features,0bjgQ24UZGwKikldIyEOgf,spotify:track:0bjgQ24UZGwKikldIyEOgf,https://api.spotify.com/v1/tracks/0bjgQ24UZGwKikldIyEOgf,https://api.spotify.com/v1/audio-analysis/0bjgQ24UZGwKikldIyEOgf,185804,4
191,Lights Up,Harry Styles,641306,https://open.spotify.com/track/4jAIqgrPjKLTY9Gbez25Qb,4jAIqgrPjKLTY9Gbez25Qb,0.575,0.621,10,-8.165,0,0.032,0.0392,0.0045,0.141,0.27,101.987,audio_features,4jAIqgrPjKLTY9Gbez25Qb,spotify:track:4jAIqgrPjKLTY9Gbez25Qb,https://api.spotify.com/v1/tracks/4jAIqgrPjKLTY9Gbez25Qb,https://api.spotify.com/v1/audio-analysis/4jAIqgrPjKLTY9Gbez25Qb,172213,4
192,Better Now,Post Malone,639853,https://open.spotify.com/track/7dt6x5M1jzdTEt8oCbisTK,7dt6x5M1jzdTEt8oCbisTK,0.68,0.578,10,-5.804,1,0.04,0.331,0,0.135,0.341,145.038,audio_features,7dt6x5M1jzdTEt8oCbisTK,spotify:track:7dt6x5M1jzdTEt8oCbisTK,https://api.spotify.com/v1/tracks/7dt6x5M1jzdTEt8oCbisTK,https://api.spotify.com/v1/audio-analysis/7dt6x5M1jzdTEt8oCbisTK,231267,4
193,Be Happy,Dixie D’Amelio,636621,https://open.spotify.com/track/0egBBvt6cfROuCHP5nBABx,0egBBvt6cfROuCHP5nBABx,0.723,0.658,0,-4.94,1,0.12,0.209,0,0.262,0.599,86.985,audio_features,0egBBvt6cfROuCHP5nBABx,spotify:track:0egBBvt6cfROuCHP5nBABx,https://api.spotify.com/v1/tracks/0egBBvt6cfROuCHP5nBABx,https://api.spotify.com/v1/audio-analysis/0egBBvt6cfROuCHP5nBABx,198966,4
194,Sigues Con El,Dímelo Flow,636387,https://open.spotify.com/track/7sQKy5vlPQllr0k9IjYJv3,7sQKy5vlPQllr0k9IjYJv3,0.883,0.668,9,-2.957,1,0.113,0.11,0.000529,0.0734,0.676,87.972,audio_features,7sQKy5vlPQllr0k9IjYJv3,spotify:track:7sQKy5vlPQllr0k9IjYJv3,https://api.spotify.com/v1/tracks/7sQKy5vlPQllr0k9IjYJv3,https://api.spotify.com/v1/audio-analysis/7sQKy5vlPQllr0k9IjYJv3,226533,4
195,Alane,Robin Schulz,635637,https://open.spotify.com/track/2u6Jm2klS4yvAlbSHlxUwI,2u6Jm2klS4yvAlbSHlxUwI,0.581,0.799,3,-6.66,1,0.164,0.0419,9.43e-06,0.11,0.662,124.002,audio_features,2u6Jm2klS4yvAlbSHlxUwI,spotify:track:2u6Jm2klS4yvAlbSHlxUwI,https://api.spotify.com/v1/tracks/2u6Jm2klS4yvAlbSHlxUwI,https://api.spotify.com/v1/audio-analysis/2u6Jm2klS4yvAlbSHlxUwI,175016,4
196,July,Noah Cyrus,635138,https://open.spotify.com/track/6J2LdBN97cDWn0MLxYh9HB,6J2LdBN97cDWn0MLxYh9HB,0.708,0.186,9,-8.953,0,0.042,0.868,0,0.0779,0.322,72.541,audio_features,6J2LdBN97cDWn0MLxYh9HB,spotify:track:6J2LdBN97cDWn0MLxYh9HB,https://api.spotify.com/v1/tracks/6J2LdBN97cDWn0MLxYh9HB,https://api.spotify.com/v1/audio-analysis/6J2LdBN97cDWn0MLxYh9HB,156106,4
197,Never Let Me Down,VIZE,634438,https://open.spotify.com/track/5TGcyccg8Hkgn9jB7gUpMN,5TGcyccg8Hkgn9jB7gUpMN,0.758,0.848,10,-3.84,1,0.0456,0.207,0,0.114,0.706,127.948,audio_features,5TGcyccg8Hkgn9jB7gUpMN,spotify:track:5TGcyccg8Hkgn9jB7gUpMN,https://api.spotify.com/v1/tracks/5TGcyccg8Hkgn9jB7gUpMN,https://api.spotify.com/v1/audio-analysis/5TGcyccg8Hkgn9jB7gUpMN,153149,4
198,Thunder,Imagine Dragons,633173,https://open.spotify.com/track/1zB4vmk8tFRmM9UULNzbLB,1zB4vmk8tFRmM9UULNzbLB,0.605,0.822,0,-4.833,1,0.0438,0.00671,0.134,0.147,0.288,167.997,audio_features,1zB4vmk8tFRmM9UULNzbLB,spotify:track:1zB4vmk8tFRmM9UULNzbLB,https://api.spotify.com/v1/tracks/1zB4vmk8tFRmM9UULNzbLB,https://api.spotify.com/v1/audio-analysis/1zB4vmk8tFRmM9UULNzbLB,187147,4
199,Dancing With A Stranger (with Normani),Sam Smith,633135,https://open.spotify.com/track/6Qs4SXO9dwPj5GKvVOv8Ki,6Qs4SXO9dwPj5GKvVOv8Ki,0.741,0.52,8,-7.513,1,0.0656,0.45,1.97e-06,0.222,0.347,102.998,audio_features,6Qs4SXO9dwPj5GKvVOv8Ki,spotify:track:6Qs4SXO9dwPj5GKvVOv8Ki,https://api.spotify.com/v1/tracks/6Qs4SXO9dwPj5GKvVOv8Ki,https://api.spotify.com/v1/audio-analysis/6Qs4SXO9dwPj5GKvVOv8Ki,171030,4
200,Sucker,Jonas Brothers,632402,https://open.spotify.com/track/22vgEDb5hykfaTwLuskFGD,22vgEDb5hykfaTwLuskFGD,0.842,0.734,1,-5.065,0,0.0588,0.0427,0,0.106,0.952,137.958,audio_features,22vgEDb5hykfaTwLuskFGD,spotify:track:22vgEDb5hykfaTwLuskFGD,https://api.spotify.com/v1/tracks/22vgEDb5hykfaTwLuskFGD,https://api.spotify.com/v1/audio-analysis/22vgEDb5hykfaTwLuskFGD,181027,4
